#
# A fatal error has been detected by the Java Runtime Environment:
#
#  EXCEPTION_ACCESS_VIOLATION (0xc0000005) at pc=0x00007ffb8139927b, pid=20840, tid=2764
#
# JRE version: OpenJDK Runtime Environment Microsoft-12574423 (17.0.17+10) (build 17.0.17+10-LTS)
# Java VM: OpenJDK 64-Bit Server VM Microsoft-12574423 (17.0.17+10-LTS, mixed mode, sharing, tiered, compressed oops, compressed class ptrs, g1 gc, windows-amd64)
# Problematic frame:
# V  [jvm.dll+0x22927b]
#
# No core dump will be written. Minidumps are not enabled by default on client versions of Windows
#
# If you would like to submit a bug report, please visit:
#   https://github.com/microsoft/openjdk/issues
#

---------------  S U M M A R Y ------------

Command Line: --add-opens=java.base/java.util=ALL-UNNAMED --add-opens=java.base/java.lang=ALL-UNNAMED --add-opens=java.base/java.lang.invoke=ALL-UNNAMED --add-opens=java.prefs/java.util.prefs=ALL-UNNAMED --add-opens=java.base/java.nio.charset=ALL-UNNAMED --add-opens=java.base/java.net=ALL-UNNAMED --add-opens=java.base/java.util.concurrent.atomic=ALL-UNNAMED -Xmx4096m -Dfile.encoding=UTF-8 -Duser.country=RU -Duser.language=ru -Duser.variant -javaagent:C:\Users\dia_t\.gradle\wrapper\dists\gradle-8.6-bin\afr5mpiioh2wthjmwnkmdsd5w\gradle-8.6\lib\agents\gradle-instrumentation-agent-8.6.jar org.gradle.launcher.daemon.bootstrap.GradleDaemon 8.6

Host: AMD Ryzen 5 7640HS w/ Radeon 760M Graphics     , 12 cores, 13G,  Windows 11 , 64 bit Build 26100 (10.0.26100.7309)
Time: Tue Jun 16 03:44:49 2026  Windows 11 , 64 bit Build 26100 (10.0.26100.7309) elapsed time: 2088.193414 seconds (0d 0h 34m 48s)

---------------  T H R E A D  ---------------

Current thread (0x0000020d06635c60):  JavaThread "C2 CompilerThread2" daemon [_thread_in_native, id=2764, stack(0x000000c032b00000,0x000000c032c00000)]


Current CompileTask:
C2:2088193 47248       4       org.jetbrains.org.objectweb.asm.ClassReader::readMethod (1061 bytes)

Stack: [0x000000c032b00000,0x000000c032c00000],  sp=0x000000c032bfadc0,  free space=1003k
Native frames: (J=compiled Java code, j=interpreted, Vv=VM code, C=native code)
V  [jvm.dll+0x22927b]  (no source info available)
V  [jvm.dll+0x5b52ab]  (no source info available)
V  [jvm.dll+0x5ad9fc]  (no source info available)
V  [jvm.dll+0x2c1ead]  (no source info available)
V  [jvm.dll+0x2c1570]  (no source info available)
V  [jvm.dll+0x2be5a5]  (no source info available)
V  [jvm.dll+0x2bec2a]  (no source info available)
V  [jvm.dll+0x21f86f]  (no source info available)
V  [jvm.dll+0x21d260]  (no source info available)
V  [jvm.dll+0x1a8ce6]  (no source info available)
V  [jvm.dll+0x22db1b]  (no source info available)
V  [jvm.dll+0x22bca6]  (no source info available)
V  [jvm.dll+0x7fb65b]  (no source info available)
V  [jvm.dll+0x7f5a5c]  (no source info available)
V  [jvm.dll+0x68d9f7]  (no source info available)
C  [ucrtbase.dll+0x37b0]  (no source info available)
C  [KERNEL32.DLL+0x2e8d7]  (no source info available)
C  [ntdll.dll+0x8c53c]  (no source info available)


siginfo: EXCEPTION_ACCESS_VIOLATION (0xc0000005), reading address 0x0000000000000010


Registers:
RAX=0x0000020d0efa0688, RBX=0x0000020d104cfdf8, RCX=0x000000c032bfe670, RDX=0x0000000000000000
RSP=0x000000c032bfadc0, RBP=0x000000000000004f, RSI=0x000000000000000a, RDI=0x0000020d10812998
R8 =0x0000000000000000, R9 =0x0000000000000000, R10=0x00007ffbcfde0000, R11=0x0000000000000000
R12=0x000000000000000c, R13=0x0000000000000000, R14=0x000000c032bfb000, R15=0x000000000000000a
RIP=0x00007ffb8139927b, EFLAGS=0x0000000000010206

XMM[0]=0x0000000000000000 0x0000000000000000
XMM[1]=0x0000020d117943c0 0x0000020d0d6d3118
XMM[2]=0x0000020d0ff65d60 0x0000020d0d6d1c70
XMM[3]=0x0000020d11abd678 0x0000020d073c4280
XMM[4]=0x0000020d10c3aa68 0x0000020d10c39b20
XMM[5]=0x0000020cfd693ed8 0x0000020cfd693ed8
XMM[6]=0x0000000000000000 0x0000000000000000
XMM[7]=0x0000000000000000 0x0000000000000000
XMM[8]=0x0000000000000000 0x0000000000000000
XMM[9]=0x0000000000000000 0x0000000000000000
XMM[10]=0x0000000000000000 0x0000000000000000
XMM[11]=0x0000000000000000 0x0000000000000000
XMM[12]=0x0000000000000000 0x0000000000000000
XMM[13]=0x0000000000000000 0x0000000000000000
XMM[14]=0x0000000000000000 0x0000000000000000
XMM[15]=0x0000000000000000 0x0000000000000000
  MXCSR=0x00001fa0


Register to memory mapping:

RIP=0x00007ffb8139927b jvm.dll
RAX=0x0000020d0efa0688 points into unknown readable memory: 0x000000000000004f | 4f 00 00 00 00 00 00 00
RBX=0x0000020d104cfdf8 points into unknown readable memory: 0x00007ffb81b1f518 | 18 f5 b1 81 fb 7f 00 00
RCX=0x000000c032bfe670 is pointing into the stack for thread: 0x0000020d06635c60
RDX=0x0 is NULL
RSP=0x000000c032bfadc0 is pointing into the stack for thread: 0x0000020d06635c60
RBP=0x000000000000004f is an unknown value
RSI=0x000000000000000a is an unknown value
RDI=0x0000020d10812998 points into unknown readable memory: 0x00007ffb81b4f6e8 | e8 f6 b4 81 fb 7f 00 00
R8 =0x0 is NULL
R9 =0x0 is NULL
R10=0x00007ffbcfde0000 VCRUNTIME140.dll
R11=0x0 is NULL
R12=0x000000000000000c is an unknown value
R13=0x0 is NULL
R14=0x000000c032bfb000 is pointing into the stack for thread: 0x0000020d06635c60
R15=0x000000000000000a is an unknown value


Top of Stack: (sp=0x000000c032bfadc0)
0x000000c032bfadc0:   0000000000000000 0000000000000000
0x000000c032bfadd0:   0000000000000000 000000c032bfb000
0x000000c032bfade0:   0000020d104cfdf8 00007ffb817252ab
0x000000c032bfadf0:   000000c032bfede0 0000020d108125f8
0x000000c032bfae00:   0000000000000bcf 00007ffb81979db0
0x000000c032bfae10:   0000020cf068e6c0 0000020cfbfa09f0
0x000000c032bfae20:   0000020d05bc58b0 0000020d7fffff00
0x000000c032bfae30:   000000000000000c 0000000000000004
0x000000c032bfae40:   0000000000000bcf 00007ffb819776a1
0x000000c032bfae50:   000000007fffffff 0000000000000001
0x000000c032bfae60:   0000000000000000 0000020cef462508
0x000000c032bfae70:   000000000000000c 000000000000000a
0x000000c032bfae80:   0000020d108125f8 0000000000000000
0x000000c032bfae90:   0000020d0d6d3118 0000020ceac3e4c0
0x000000c032bfaea0:   0000020ceac76a80 000000c032bfb000
0x000000c032bfaeb0:   0000020d06918c80 00007ffb8171d9fc
0x000000c032bfaec0:   0000020d0000004f 0000020d104cfdf8
0x000000c032bfaed0:   0000020d0d6d3468 00007ffb0000000a
0x000000c032bfaee0:   0000020ceac76a80 0000020d10812998
0x000000c032bfaef0:   0000020cf12e9318 00007ffb81419f9c
0x000000c032bfaf00:   0000020d108125f8 0000020d0f428e40
0x000000c032bfaf10:   0000000000000000 0000020cef462508
0x000000c032bfaf20:   0000020d05bc58f8 0000000000000004
0x000000c032bfaf30:   0000020cef4621d8 00007ffb811eba54
0x000000c032bfaf40:   0000020d101c2178 0000020cef4621d8
0x000000c032bfaf50:   0000020d05bc58b0 0000020cef462498
0x000000c032bfaf60:   0000020d0d6d3118 0000020d101c2178
0x000000c032bfaf70:   0000020d122b5c20 0000020cfd43f2f0
0x000000c032bfaf80:   0000000000000006 0000000000000001
0x000000c032bfaf90:   0000020cf12e9318 00007ffb81431ead
0x000000c032bfafa0:   000000c032bfb000 0000020cf12e9318
0x000000c032bfafb0:   0000000000000000 0000000000000000 

Instructions: (pc=0x00007ffb8139927b)
0x00007ffb8139917b:   01 00 00 00 48 8b f9 39 99 f0 01 00 00 7e 62 66
0x00007ffb8139918b:   0f 1f 44 00 00 4c 8b 87 f8 01 00 00 8d 43 ff 48
0x00007ffb8139919b:   63 d0 48 63 c3 49 8d 14 d0 49 8d 0c c0 e8 33 7b
0x00007ffb813991ab:   ff ff 85 c0 78 15 ff c3 3b 9f f0 01 00 00 7c d5
0x00007ffb813991bb:   48 8b 5c 24 30 48 83 c4 20 5f c3 48 8b 8f f8 01
0x00007ffb813991cb:   00 00 48 85 c9 74 1a 48 63 97 f0 01 00 00 4c 8d
0x00007ffb813991db:   0d 00 7b ff ff 41 b8 08 00 00 00 ff 15 5c b7 67
0x00007ffb813991eb:   00 48 8b 5c 24 30 48 83 c4 20 5f c3 cc cc cc cc
0x00007ffb813991fb:   cc cc cc cc cc 48 83 ec 08 4c 63 91 a8 01 00 00
0x00007ffb8139920b:   4c 8b c9 4d 85 d2 7e 4a 33 c0 48 89 1c 24 44 8b
0x00007ffb8139921b:   c0 0f 1f 40 00 4d 8b 99 b0 01 00 00 49 8b 1c c3
0x00007ffb8139922b:   8b 4b 2c 83 e1 3f 80 f9 27 75 1b 49 3b c0 74 13
0x00007ffb8139923b:   4b 8b 14 c3 4b 89 1c c3 49 8b 89 b0 01 00 00 48
0x00007ffb8139924b:   89 14 c1 49 ff c0 48 ff c0 49 3b c2 7c c7 48 8b
0x00007ffb8139925b:   1c 24 48 83 c4 08 c3 cc cc cc cc cc cc cc cc cc
0x00007ffb8139926b:   cc cc cc cc cc 48 83 ec 28 48 8b 91 d0 02 00 00
0x00007ffb8139927b:   48 8b 42 10 8b 4a 20 4c 8d 04 c8 49 3b c0 73 1c
0x00007ffb8139928b:   0f 1f 44 00 00 48 8b 10 8b 4a 2c 83 e1 0f 80 f9
0x00007ffb8139929b:   09 74 33 48 83 c0 08 49 3b c0 72 e9 4c 8d 0d 4a
0x00007ffb813992ab:   8a 72 00 41 b8 50 04 00 00 48 8d 15 5d 8a 72 00
0x00007ffb813992bb:   b9 00 00 00 e0 e8 1b 39 02 00 e8 26 53 46 00 33
0x00007ffb813992cb:   c0 48 83 c4 28 c3 48 8b c2 48 83 c4 28 c3 cc cc
0x00007ffb813992db:   cc cc cc cc cc 48 89 5c 24 08 48 89 6c 24 10 48
0x00007ffb813992eb:   89 74 24 18 48 89 7c 24 20 41 56 48 83 ec 20 48
0x00007ffb813992fb:   3b 15 b7 3d 96 00 49 8b f0 48 8b fa 48 8b e9 0f
0x00007ffb8139930b:   84 18 01 00 00 48 8b 02 48 8b ca 48 8b da 4d 8b
0x00007ffb8139931b:   f0 ff 50 58 84 c0 74 0b 48 8b cb e8 85 c7 f9 ff
0x00007ffb8139932b:   48 8b d8 48 8b 0e 48 8b 51 58 48 8b ce ff d2 84
0x00007ffb8139933b:   c0 74 0b 48 8b ce e8 6a c7 f9 ff 4c 8b f0 48 8b
0x00007ffb8139934b:   0e 48 8b 91 b8 00 00 00 48 8b ce ff d2 84 c0 75
0x00007ffb8139935b:   60 48 8b d7 48 8b ce e8 f9 5b fa ff 84 c0 0f 85
0x00007ffb8139936b:   b9 00 00 00 48 8b 03 48 8b cb ff 50 48 84 c0 74 


Stack slot to memory mapping:
stack at sp + 0 slots: 0x0 is NULL
stack at sp + 1 slots: 0x0 is NULL
stack at sp + 2 slots: 0x0 is NULL
stack at sp + 3 slots: 0x000000c032bfb000 is pointing into the stack for thread: 0x0000020d06635c60
stack at sp + 4 slots: 0x0000020d104cfdf8 points into unknown readable memory: 0x00007ffb81b1f518 | 18 f5 b1 81 fb 7f 00 00
stack at sp + 5 slots: 0x00007ffb817252ab jvm.dll
stack at sp + 6 slots: 0x000000c032bfede0 is pointing into the stack for thread: 0x0000020d06635c60
stack at sp + 7 slots: 0x0000020d108125f8 points into unknown readable memory: 0x00007ffb81b4f6e8 | e8 f6 b4 81 fb 7f 00 00


---------------  P R O C E S S  ---------------

Threads class SMR info:
_java_thread_list=0x0000020d1205bdb0, length=116, elements={
0x0000020cc7688890, 0x0000020ceabcf490, 0x0000020ceabcfb70, 0x0000020ceabe3650,
0x0000020ceabe3b30, 0x0000020ceabe6020, 0x0000020ceabea510, 0x0000020ceabf0080,
0x0000020ceabf05a0, 0x0000020ceabf1ad0, 0x0000020ceabbd9a0, 0x0000020ceae0beb0,
0x0000020cf09020a0, 0x0000020cf0a0a210, 0x0000020cf0f36440, 0x0000020cf01f0170,
0x0000020cf01f0680, 0x0000020cf01ed8f0, 0x0000020cf2364830, 0x0000020cf2364d40,
0x0000020cf2365760, 0x0000020cf2365250, 0x0000020cf23675c0, 0x0000020cf2363e10,
0x0000020cf2367fe0, 0x0000020cf236a860, 0x0000020cf236a350, 0x0000020cf236ad70,
0x0000020cf2369e40, 0x0000020cf236b280, 0x0000020cf23684f0, 0x0000020ceafacdb0,
0x0000020cf5da1090, 0x0000020cf5da1fc0, 0x0000020cf5da24d0, 0x0000020cf5da29e0,
0x0000020cf5da3400, 0x0000020d05cfc7f0, 0x0000020cfcd474b0, 0x0000020cfcd45b60,
0x0000020cfcd44c30, 0x0000020cf3d99e00, 0x0000020cefc19050, 0x0000020cefc18630,
0x0000020cefc167d0, 0x0000020cefc16ce0, 0x0000020cefc171f0, 0x0000020cefc17700,
0x0000020cefc19560, 0x0000020cefc15db0, 0x0000020cefc18b40, 0x0000020cefc162c0,
0x0000020cefc17c10, 0x0000020cfcd46070, 0x0000020d05cfc2e0, 0x0000020d063cd9a0,
0x0000020d063cdeb0, 0x0000020d063ce3c0, 0x0000020cf5d9ed20, 0x0000020d0600dd10,
0x0000020d0600e220, 0x0000020d06010080, 0x0000020cf5dc0080, 0x0000020cf5dc0590,
0x0000020cf3d989c0, 0x0000020d0607b960, 0x0000020d0607be70, 0x0000020cf4943e10,
0x0000020d05cf9f70, 0x0000020d05cf9550, 0x0000020d05cfaea0, 0x0000020cf4941aa0,
0x0000020cf4941590, 0x0000020cf49424c0, 0x0000020d0607b450, 0x0000020d0607d7c0,
0x0000020d0607a010, 0x0000020d05cfa990, 0x0000020d05cfbdd0, 0x0000020d05cfa480,
0x0000020cfc2df090, 0x0000020cfc2de670, 0x0000020cfc2deb80, 0x0000020d0607aa30,
0x0000020d0607af40, 0x0000020d0607c380, 0x0000020d066396d0, 0x0000020d06635c60,
0x0000020d0600fb70, 0x0000020cf60fbee0, 0x0000020cf60fb4c0, 0x0000020cfce7edf0,
0x0000020d061fa5d0, 0x0000020d061faff0, 0x0000020d061fb500, 0x0000020d05cf9040,
0x0000020d05cf9a60, 0x0000020d05cfb8c0, 0x0000020cf3eda780, 0x0000020cf3edac90,
0x0000020cf3edb1a0, 0x0000020cf3d68170, 0x0000020cfce7c060, 0x0000020cfce7d4a0,
0x0000020cfce7ca80, 0x0000020d0600cde0, 0x0000020cf49433f0, 0x0000020d0c8fb010,
0x0000020cfbb62820, 0x0000020cfcf9d990, 0x0000020cfcd45650, 0x0000020d0c8fa0e0,
0x0000020d06c79370, 0x0000020cf3edcaf0, 0x0000020cfbb613e0, 0x0000020d0c8fce70
}

Java Threads: ( => current thread )
  0x0000020cc7688890 JavaThread "main" [_thread_blocked, id=2264, stack(0x000000c02c500000,0x000000c02c600000)]
  0x0000020ceabcf490 JavaThread "Reference Handler" daemon [_thread_blocked, id=16004, stack(0x000000c02cc00000,0x000000c02cd00000)]
  0x0000020ceabcfb70 JavaThread "Finalizer" daemon [_thread_blocked, id=23376, stack(0x000000c02cd00000,0x000000c02ce00000)]
  0x0000020ceabe3650 JavaThread "Signal Dispatcher" daemon [_thread_blocked, id=23660, stack(0x000000c02ce00000,0x000000c02cf00000)]
  0x0000020ceabe3b30 JavaThread "Attach Listener" daemon [_thread_blocked, id=16192, stack(0x000000c02cf00000,0x000000c02d000000)]
  0x0000020ceabe6020 JavaThread "Service Thread" daemon [_thread_blocked, id=17396, stack(0x000000c02d000000,0x000000c02d100000)]
  0x0000020ceabea510 JavaThread "Monitor Deflation Thread" daemon [_thread_blocked, id=8304, stack(0x000000c02d100000,0x000000c02d200000)]
  0x0000020ceabf0080 JavaThread "C2 CompilerThread0" daemon [_thread_in_native, id=13148, stack(0x000000c02d200000,0x000000c02d300000)]
  0x0000020ceabf05a0 JavaThread "C1 CompilerThread0" daemon [_thread_blocked, id=10352, stack(0x000000c02d300000,0x000000c02d400000)]
  0x0000020ceabf1ad0 JavaThread "Sweeper thread" daemon [_thread_blocked, id=12068, stack(0x000000c02d400000,0x000000c02d500000)]
  0x0000020ceabbd9a0 JavaThread "Common-Cleaner" daemon [_thread_blocked, id=10720, stack(0x000000c02d500000,0x000000c02d600000)]
  0x0000020ceae0beb0 JavaThread "Notification Thread" daemon [_thread_blocked, id=17676, stack(0x000000c02d600000,0x000000c02d700000)]
  0x0000020cf09020a0 JavaThread "Daemon health stats" [_thread_blocked, id=5248, stack(0x000000c02de00000,0x000000c02df00000)]
  0x0000020cf0a0a210 JavaThread "Incoming local TCP Connector on port 50623" [_thread_in_native, id=24512, stack(0x000000c02df00000,0x000000c02e000000)]
  0x0000020cf0f36440 JavaThread "Daemon periodic checks" [_thread_blocked, id=20704, stack(0x000000c02e000000,0x000000c02e100000)]
  0x0000020cf01f0170 JavaThread "Cache worker for journal cache (C:\Users\dia_t\.gradle\caches\journal-1)" [_thread_blocked, id=22900, stack(0x000000c02e800000,0x000000c02e900000)]
  0x0000020cf01f0680 JavaThread "File lock request listener" [_thread_in_native, id=13508, stack(0x000000c02e900000,0x000000c02ea00000)]
  0x0000020cf01ed8f0 JavaThread "Cache worker for file hash cache (C:\Users\dia_t\.gradle\caches\8.6\fileHashes)" [_thread_blocked, id=8440, stack(0x000000c02ea00000,0x000000c02eb00000)]
  0x0000020cf2364830 JavaThread "Cache worker for file content cache (C:\Users\dia_t\.gradle\caches\8.6\fileContent)" [_thread_blocked, id=12320, stack(0x000000c02f600000,0x000000c02f700000)]
  0x0000020cf2364d40 JavaThread "jar transforms" [_thread_blocked, id=1356, stack(0x000000c02f700000,0x000000c02f800000)]
  0x0000020cf2365760 JavaThread "jar transforms Thread 2" [_thread_blocked, id=13372, stack(0x000000c02f800000,0x000000c02f900000)]
  0x0000020cf2365250 JavaThread "jar transforms Thread 3" [_thread_blocked, id=23508, stack(0x000000c02f900000,0x000000c02fa00000)]
  0x0000020cf23675c0 JavaThread "jar transforms Thread 4" [_thread_blocked, id=1904, stack(0x000000c02fd00000,0x000000c02fe00000)]
  0x0000020cf2363e10 JavaThread "jar transforms Thread 5" [_thread_blocked, id=6944, stack(0x000000c02fe00000,0x000000c02ff00000)]
  0x0000020cf2367fe0 JavaThread "jar transforms Thread 6" [_thread_blocked, id=9652, stack(0x000000c02ff00000,0x000000c030000000)]
  0x0000020cf236a860 JavaThread "jar transforms Thread 7" [_thread_blocked, id=18024, stack(0x000000c030000000,0x000000c030100000)]
  0x0000020cf236a350 JavaThread "jar transforms Thread 8" [_thread_blocked, id=25060, stack(0x000000c030100000,0x000000c030200000)]
  0x0000020cf236ad70 JavaThread "jar transforms Thread 9" [_thread_blocked, id=24432, stack(0x000000c030200000,0x000000c030300000)]
  0x0000020cf2369e40 JavaThread "jar transforms Thread 10" [_thread_blocked, id=24276, stack(0x000000c030300000,0x000000c030400000)]
  0x0000020cf236b280 JavaThread "jar transforms Thread 11" [_thread_blocked, id=23212, stack(0x000000c030400000,0x000000c030500000)]
  0x0000020cf23684f0 JavaThread "jar transforms Thread 12" [_thread_blocked, id=15596, stack(0x000000c030500000,0x000000c030600000)]
  0x0000020ceafacdb0 JavaThread "Memory manager" [_thread_blocked, id=16124, stack(0x000000c030b00000,0x000000c030c00000)]
  0x0000020cf5da1090 JavaThread "RMI Scheduler(0)" daemon [_thread_blocked, id=3464, stack(0x000000c030d00000,0x000000c030e00000)]
  0x0000020cf5da1fc0 JavaThread "RMI GC Daemon" daemon [_thread_blocked, id=11700, stack(0x000000c033700000,0x000000c033800000)]
  0x0000020cf5da24d0 JavaThread "RMI TCP Accept-0" daemon [_thread_in_native, id=8012, stack(0x000000c033800000,0x000000c033900000)]
  0x0000020cf5da29e0 JavaThread "RMI Reaper" [_thread_blocked, id=23392, stack(0x000000c033900000,0x000000c033a00000)]
  0x0000020cf5da3400 JavaThread "Cache worker for Java compile cache (C:\Users\dia_t\.gradle\caches\8.6\javaCompile)" [_thread_blocked, id=20784, stack(0x000000c033f00000,0x000000c034000000)]
  0x0000020d05cfc7f0 JavaThread "Daemon Thread 3" [_thread_blocked, id=8724, stack(0x000000c02c200000,0x000000c02c300000)]
  0x0000020cfcd474b0 JavaThread "Handler for socket connection from /127.0.0.1:50623 to /127.0.0.1:63491" [_thread_in_native, id=22112, stack(0x000000c02c300000,0x000000c02c400000)]
  0x0000020cfcd45b60 JavaThread "Cancel handler" [_thread_blocked, id=14776, stack(0x000000c02c400000,0x000000c02c500000)]
  0x0000020cfcd44c30 JavaThread "Daemon worker Thread 3" [_thread_blocked, id=13852, stack(0x000000c02d800000,0x000000c02d900000)]
  0x0000020cf3d99e00 JavaThread "Asynchronous log dispatcher for DefaultDaemonConnection: socket connection from /127.0.0.1:50623 to /127.0.0.1:63491" [_thread_blocked, id=18932, stack(0x000000c02d900000,0x000000c02da00000)]
  0x0000020cefc19050 JavaThread "Stdin handler" [_thread_blocked, id=21956, stack(0x000000c02e100000,0x000000c02e200000)]
  0x0000020cefc18630 JavaThread "Daemon client event forwarder" [_thread_blocked, id=9732, stack(0x000000c02e200000,0x000000c02e300000)]
  0x0000020cefc167d0 JavaThread "Cache worker for checksums cache (C:\Users\dia_t\AndroidStuduoProjects\ChatAI\.gradle\8.6\checksums)" [_thread_blocked, id=21252, stack(0x000000c02e300000,0x000000c02e400000)]
  0x0000020cefc16ce0 JavaThread "Cache worker for file hash cache (C:\Users\dia_t\AndroidStuduoProjects\ChatAI\.gradle\8.6\fileHashes)" [_thread_blocked, id=17072, stack(0x000000c02e400000,0x000000c02e500000)]
  0x0000020cefc171f0 JavaThread "Cache worker for cache directory md-supplier (C:\Users\dia_t\.gradle\caches\8.6\md-supplier)" [_thread_blocked, id=13304, stack(0x000000c02e500000,0x000000c02e600000)]
  0x0000020cefc17700 JavaThread "Cache worker for cache directory md-rule (C:\Users\dia_t\.gradle\caches\8.6\md-rule)" [_thread_blocked, id=11124, stack(0x000000c02e600000,0x000000c02e700000)]
  0x0000020cefc19560 JavaThread "Cache worker for Build Output Cleanup Cache (C:\Users\dia_t\AndroidStuduoProjects\ChatAI\.gradle\buildOutputCleanup)" [_thread_blocked, id=23128, stack(0x000000c02f300000,0x000000c02f400000)]
  0x0000020cefc15db0 JavaThread "Unconstrained build operations" [_thread_blocked, id=22144, stack(0x000000c02f400000,0x000000c02f500000)]
  0x0000020cefc18b40 JavaThread "Unconstrained build operations Thread 2" [_thread_blocked, id=22740, stack(0x000000c02f500000,0x000000c02f600000)]
  0x0000020cefc162c0 JavaThread "Unconstrained build operations Thread 3" [_thread_blocked, id=24524, stack(0x000000c02fa00000,0x000000c02fb00000)]
  0x0000020cefc17c10 JavaThread "build event listener" [_thread_blocked, id=5232, stack(0x000000c02fb00000,0x000000c02fc00000)]
  0x0000020cfcd46070 JavaThread "build event listener" [_thread_blocked, id=9928, stack(0x000000c02fc00000,0x000000c02fd00000)]
  0x0000020d05cfc2e0 JavaThread "included builds" [_thread_blocked, id=14020, stack(0x000000c030600000,0x000000c030700000)]
  0x0000020d063cd9a0 JavaThread "Execution worker" [_thread_blocked, id=2420, stack(0x000000c030700000,0x000000c030800000)]
  0x0000020d063cdeb0 JavaThread "Execution worker Thread 2" [_thread_in_native, id=8064, stack(0x000000c030800000,0x000000c030900000)]
  0x0000020d063ce3c0 JavaThread "Execution worker Thread 3" [_thread_blocked, id=14740, stack(0x000000c030900000,0x000000c030a00000)]
  0x0000020cf5d9ed20 JavaThread "Cache worker for execution history cache (C:\Users\dia_t\AndroidStuduoProjects\ChatAI\.gradle\8.6\executionHistory)" [_thread_blocked, id=19816, stack(0x000000c030a00000,0x000000c030b00000)]
  0x0000020d0600dd10 JavaThread "Unconstrained build operations Thread 4" [_thread_blocked, id=10832, stack(0x000000c030c00000,0x000000c030d00000)]
  0x0000020d0600e220 JavaThread "Unconstrained build operations Thread 5" [_thread_blocked, id=9008, stack(0x000000c030e00000,0x000000c030f00000)]
  0x0000020d06010080 JavaThread "Unconstrained build operations Thread 6" [_thread_blocked, id=1436, stack(0x000000c030f00000,0x000000c031000000)]
  0x0000020cf5dc0080 JavaThread "Unconstrained build operations Thread 7" [_thread_in_native, id=16980, stack(0x000000c031100000,0x000000c031200000)]
  0x0000020cf5dc0590 JavaThread "Unconstrained build operations Thread 8" [_thread_blocked, id=4064, stack(0x000000c031200000,0x000000c031300000)]
  0x0000020cf3d989c0 JavaThread "Unconstrained build operations Thread 9" [_thread_blocked, id=22648, stack(0x000000c031300000,0x000000c031400000)]
  0x0000020d0607b960 JavaThread "WorkerExecutor Queue Thread 2" [_thread_blocked, id=15800, stack(0x000000c031400000,0x000000c031500000)]
  0x0000020d0607be70 JavaThread "WorkerExecutor Queue Thread 4" [_thread_blocked, id=24264, stack(0x000000c031600000,0x000000c031700000)]
  0x0000020cf4943e10 JavaThread "Unconstrained build operations Thread 10" [_thread_in_Java, id=20084, stack(0x000000c031700000,0x000000c031800000)]
  0x0000020d05cf9f70 JavaThread "Unconstrained build operations Thread 11" [_thread_blocked, id=20900, stack(0x000000c031800000,0x000000c031900000)]
  0x0000020d05cf9550 JavaThread "Unconstrained build operations Thread 12" [_thread_blocked, id=11572, stack(0x000000c031900000,0x000000c031a00000)]
  0x0000020d05cfaea0 JavaThread "Unconstrained build operations Thread 13" [_thread_blocked, id=17580, stack(0x000000c031a00000,0x000000c031b00000)]
  0x0000020cf4941aa0 JavaThread "Unconstrained build operations Thread 14" [_thread_blocked, id=13460, stack(0x000000c031b00000,0x000000c031c00000)]
  0x0000020cf4941590 JavaThread "Unconstrained build operations Thread 15" [_thread_blocked, id=7068, stack(0x000000c031c00000,0x000000c031d00000)]
  0x0000020cf49424c0 JavaThread "Unconstrained build operations Thread 16" [_thread_blocked, id=24504, stack(0x000000c031d00000,0x000000c031e00000)]
  0x0000020d0607b450 JavaThread "Unconstrained build operations Thread 17" [_thread_blocked, id=21896, stack(0x000000c02eb00000,0x000000c02ec00000)]
  0x0000020d0607d7c0 JavaThread "Unconstrained build operations Thread 18" [_thread_blocked, id=24744, stack(0x000000c031f00000,0x000000c032000000)]
  0x0000020d0607a010 JavaThread "Unconstrained build operations Thread 19" [_thread_blocked, id=8496, stack(0x000000c032000000,0x000000c032100000)]
  0x0000020d05cfa990 JavaThread "Unconstrained build operations Thread 20" [_thread_blocked, id=2032, stack(0x000000c02e700000,0x000000c02e800000)]
  0x0000020d05cfbdd0 JavaThread "Unconstrained build operations Thread 21" [_thread_blocked, id=13028, stack(0x000000c032100000,0x000000c032200000)]
  0x0000020d05cfa480 JavaThread "Unconstrained build operations Thread 22" [_thread_blocked, id=4576, stack(0x000000c032200000,0x000000c032300000)]
  0x0000020cfc2df090 JavaThread "Unconstrained build operations Thread 23" [_thread_blocked, id=1888, stack(0x000000c032400000,0x000000c032500000)]
  0x0000020cfc2de670 JavaThread "Unconstrained build operations Thread 24" [_thread_blocked, id=9988, stack(0x000000c032500000,0x000000c032600000)]
  0x0000020cfc2deb80 JavaThread "Unconstrained build operations Thread 25" [_thread_blocked, id=24864, stack(0x000000c032600000,0x000000c032700000)]
  0x0000020d0607aa30 JavaThread "Unconstrained build operations Thread 26" [_thread_blocked, id=10100, stack(0x000000c032700000,0x000000c032800000)]
  0x0000020d0607af40 JavaThread "Unconstrained build operations Thread 27" [_thread_blocked, id=24772, stack(0x000000c032800000,0x000000c032900000)]
  0x0000020d0607c380 JavaThread "Unconstrained build operations Thread 28" [_thread_blocked, id=14980, stack(0x000000c032900000,0x000000c032a00000)]
  0x0000020d066396d0 JavaThread "C2 CompilerThread1" daemon [_thread_in_native, id=22692, stack(0x000000c032a00000,0x000000c032b00000)]
=>0x0000020d06635c60 JavaThread "C2 CompilerThread2" daemon [_thread_in_native, id=2764, stack(0x000000c032b00000,0x000000c032c00000)]
  0x0000020d0600fb70 JavaThread "Unconstrained build operations Thread 29" [_thread_blocked, id=7960, stack(0x000000c032c00000,0x000000c032d00000)]
  0x0000020cf60fbee0 JavaThread "Unconstrained build operations Thread 30" [_thread_blocked, id=4744, stack(0x000000c032d00000,0x000000c032e00000)]
  0x0000020cf60fb4c0 JavaThread "Unconstrained build operations Thread 31" [_thread_blocked, id=18412, stack(0x000000c032e00000,0x000000c032f00000)]
  0x0000020cfce7edf0 JavaThread "Unconstrained build operations Thread 32" [_thread_blocked, id=21212, stack(0x000000c032f00000,0x000000c033000000)]
  0x0000020d061fa5d0 JavaThread "pool-9-thread-1" [_thread_blocked, id=25224, stack(0x000000c033000000,0x000000c033100000)]
  0x0000020d061faff0 JavaThread "stderr" [_thread_in_native, id=3184, stack(0x000000c033100000,0x000000c033200000)]
  0x0000020d061fb500 JavaThread "stdout" [_thread_in_native, id=22328, stack(0x000000c033200000,0x000000c033300000)]
  0x0000020d05cf9040 JavaThread "Unconstrained build operations Thread 33" [_thread_blocked, id=20824, stack(0x000000c033300000,0x000000c033400000)]
  0x0000020d05cf9a60 JavaThread "Unconstrained build operations Thread 34" [_thread_blocked, id=23720, stack(0x000000c033400000,0x000000c033500000)]
  0x0000020d05cfb8c0 JavaThread "Unconstrained build operations Thread 35" [_thread_blocked, id=19024, stack(0x000000c033500000,0x000000c033600000)]
  0x0000020cf3eda780 JavaThread "Unconstrained build operations Thread 36" [_thread_blocked, id=25148, stack(0x000000c033600000,0x000000c033700000)]
  0x0000020cf3edac90 JavaThread "Unconstrained build operations Thread 37" [_thread_blocked, id=17368, stack(0x000000c033a00000,0x000000c033b00000)]
  0x0000020cf3edb1a0 JavaThread "Unconstrained build operations Thread 38" [_thread_blocked, id=11980, stack(0x000000c033b00000,0x000000c033c00000)]
  0x0000020cf3d68170 JavaThread "WorkerExecutor Queue Thread 6" [_thread_blocked, id=6300, stack(0x000000c031500000,0x000000c031600000)]
  0x0000020cfce7c060 JavaThread "Unconstrained build operations Thread 39" [_thread_blocked, id=12144, stack(0x000000c033c00000,0x000000c033d00000)]
  0x0000020cfce7d4a0 JavaThread "Unconstrained build operations Thread 40" [_thread_blocked, id=18332, stack(0x000000c033d00000,0x000000c033e00000)]
  0x0000020cfce7ca80 JavaThread "ForkJoinPool-2-worker-1" daemon [_thread_in_Java, id=18000, stack(0x000000c033e00000,0x000000c033f00000)]
  0x0000020d0600cde0 JavaThread "ForkJoinPool-2-worker-2" daemon [_thread_blocked, id=16444, stack(0x000000c034000000,0x000000c034100000)]
  0x0000020cf49433f0 JavaThread "ForkJoinPool-2-worker-3" daemon [_thread_blocked, id=16432, stack(0x000000c034100000,0x000000c034200000)]
  0x0000020d0c8fb010 JavaThread "ForkJoinPool-2-worker-4" daemon [_thread_blocked, id=9660, stack(0x000000c034200000,0x000000c034300000)]
  0x0000020cfbb62820 JavaThread "ForkJoinPool-2-worker-5" daemon [_thread_in_Java, id=20980, stack(0x000000c034300000,0x000000c034400000)]
  0x0000020cfcf9d990 JavaThread "ForkJoinPool-2-worker-6" daemon [_thread_blocked, id=23188, stack(0x000000c034400000,0x000000c034500000)]
  0x0000020cfcd45650 JavaThread "ForkJoinPool-2-worker-7" daemon [_thread_blocked, id=9284, stack(0x000000c034a00000,0x000000c034b00000)]
  0x0000020d0c8fa0e0 JavaThread "ForkJoinPool-2-worker-8" daemon [_thread_blocked, id=6364, stack(0x000000c034b00000,0x000000c034c00000)]
  0x0000020d06c79370 JavaThread "ForkJoinPool-2-worker-9" daemon [_thread_blocked, id=24836, stack(0x000000c034c00000,0x000000c034d00000)]
  0x0000020cf3edcaf0 JavaThread "ForkJoinPool-2-worker-10" daemon [_thread_blocked, id=22876, stack(0x000000c034d00000,0x000000c034e00000)]
  0x0000020cfbb613e0 JavaThread "ForkJoinPool-2-worker-11" daemon [_thread_blocked, id=24084, stack(0x000000c034e00000,0x000000c034f00000)]
  0x0000020d0c8fce70 JavaThread "ForkJoinPool-2-worker-12" daemon [_thread_blocked, id=18324, stack(0x000000c034f00000,0x000000c035000000)]

Other Threads:
  0x0000020ceabca490 VMThread "VM Thread" [stack: 0x000000c02cb00000,0x000000c02cc00000] [id=18080]
  0x0000020ceae4d800 WatcherThread [stack: 0x000000c02d700000,0x000000c02d800000] [id=17628]
  0x0000020cc76f6420 GCTaskThread "GC Thread#0" [stack: 0x000000c02c600000,0x000000c02c700000] [id=19716]
  0x0000020cefe0d590 GCTaskThread "GC Thread#1" [stack: 0x000000c02da00000,0x000000c02db00000] [id=15920]
  0x0000020cefaa2e10 GCTaskThread "GC Thread#2" [stack: 0x000000c02db00000,0x000000c02dc00000] [id=6320]
  0x0000020cefaa3c20 GCTaskThread "GC Thread#3" [stack: 0x000000c02dc00000,0x000000c02dd00000] [id=15376]
  0x0000020cefaa3950 GCTaskThread "GC Thread#4" [stack: 0x000000c02dd00000,0x000000c02de00000] [id=5996]
  0x0000020cefaa3680 GCTaskThread "GC Thread#5" [stack: 0x000000c02ec00000,0x000000c02ed00000] [id=14032]
  0x0000020cf1527da0 GCTaskThread "GC Thread#6" [stack: 0x000000c02ed00000,0x000000c02ee00000] [id=13360]
  0x0000020cf1526720 GCTaskThread "GC Thread#7" [stack: 0x000000c02ee00000,0x000000c02ef00000] [id=25000]
  0x0000020cf1527ad0 GCTaskThread "GC Thread#8" [stack: 0x000000c02ef00000,0x000000c02f000000] [id=6716]
  0x0000020cf15269f0 GCTaskThread "GC Thread#9" [stack: 0x000000c02f000000,0x000000c02f100000] [id=20144]
  0x0000020cc77073f0 ConcurrentGCThread "G1 Main Marker" [stack: 0x000000c02c700000,0x000000c02c800000] [id=7612]
  0x0000020cc7709740 ConcurrentGCThread "G1 Conc#0" [stack: 0x000000c02c800000,0x000000c02c900000] [id=12372]
  0x0000020cf1527530 ConcurrentGCThread "G1 Conc#1" [stack: 0x000000c02f100000,0x000000c02f200000] [id=14668]
  0x0000020cf1526cc0 ConcurrentGCThread "G1 Conc#2" [stack: 0x000000c02f200000,0x000000c02f300000] [id=21860]
  0x0000020ceaa87410 ConcurrentGCThread "G1 Refine#0" [stack: 0x000000c02c900000,0x000000c02ca00000] [id=19044]
  0x0000020cf5dd18f0 ConcurrentGCThread "G1 Refine#1" [stack: 0x000000c034500000,0x000000c034600000] [id=20892]
  0x0000020cfb1d3b90 ConcurrentGCThread "G1 Refine#2" [stack: 0x000000c034600000,0x000000c034700000] [id=19256]
  0x0000020cfb3252a0 ConcurrentGCThread "G1 Refine#3" [stack: 0x000000c034700000,0x000000c034800000] [id=19196]
  0x0000020cfb3246a0 ConcurrentGCThread "G1 Refine#4" [stack: 0x000000c034800000,0x000000c034900000] [id=3544]
  0x0000020cef37d230 ConcurrentGCThread "G1 Refine#5" [stack: 0x000000c034900000,0x000000c034a00000] [id=16776]
  0x0000020d124e13e0 ConcurrentGCThread "G1 Refine#6" [stack: 0x000000c035000000,0x000000c035100000] [id=19108]
  0x0000020cfbc61080 ConcurrentGCThread "G1 Refine#7" [stack: 0x000000c035100000,0x000000c035200000] [id=3896]
  0x0000020cfd0d78d0 ConcurrentGCThread "G1 Refine#8" [stack: 0x000000c035200000,0x000000c035300000] [id=12420]
  0x0000020ceaa87810 ConcurrentGCThread "G1 Service" [stack: 0x000000c02ca00000,0x000000c02cb00000] [id=19744]

Threads with active compile tasks:
C2 CompilerThread0  2088259 45340       4       com.android.tools.r8.dex.C::f (109 bytes)
C2 CompilerThread1  2088259 47270       4       org.jetbrains.org.objectweb.asm.ClassReader::accept (1381 bytes)
C2 CompilerThread2  2088259 47248       4       org.jetbrains.org.objectweb.asm.ClassReader::readMethod (1061 bytes)

VM state: not at safepoint (normal execution)

VM Mutex/Monitor currently owned by a thread: None

Heap address: 0x0000000700000000, size: 4096 MB, Compressed Oops mode: Zero based, Oop shift amount: 3

CDS archive(s) mapped at: [0x0000020c80000000-0x0000020c80bb0000-0x0000020c80bb0000), size 12255232, SharedBaseAddress: 0x0000020c80000000, ArchiveRelocationMode: 1.
Compressed class space mapped at: 0x0000020c81000000-0x0000020cc1000000, reserved size: 1073741824
Narrow klass base: 0x0000020c80000000, Narrow klass shift: 0, Narrow klass range: 0x100000000

GC Precious Log:
 CPUs: 12 total, 12 available
 Memory: 14140M
 Large Page Support: Disabled
 NUMA Support: Disabled
 Compressed Oops: Enabled (Zero based)
 Heap Region Size: 2M
 Heap Min Capacity: 8M
 Heap Initial Capacity: 222M
 Heap Max Capacity: 4G
 Pre-touch: Disabled
 Parallel Workers: 10
 Concurrent Workers: 3
 Concurrent Refinement Workers: 10
 Periodic GC: Disabled

Heap:
 garbage-first heap   total 1718272K, used 895937K [0x0000000700000000, 0x0000000800000000)
  region size 2048K, 112 young (229376K), 11 survivors (22528K)
 Metaspace       used 274519K, committed 276288K, reserved 1310720K
  class space    used 35538K, committed 36416K, reserved 1048576K

Heap Regions: E=young(eden), S=young(survivor), O=old, HS=humongous(starts), HC=humongous(continues), CS=collection set, F=free, OA=open archive, CA=closed archive, TAMS=top-at-mark-start (previous, next)
|   0|0x0000000700000000, 0x0000000700200000, 0x0000000700200000|100%|HS|  |TAMS 0x0000000700200000, 0x0000000700000000| Complete 
|   1|0x0000000700200000, 0x0000000700400000, 0x0000000700400000|100%|HC|  |TAMS 0x0000000700400000, 0x0000000700200000| Complete 
|   2|0x0000000700400000, 0x0000000700600000, 0x0000000700600000|100%| O|  |TAMS 0x0000000700600000, 0x0000000700400000| Untracked 
|   3|0x0000000700600000, 0x0000000700800000, 0x0000000700800000|100%| O|  |TAMS 0x0000000700800000, 0x0000000700600000| Untracked 
|   4|0x0000000700800000, 0x0000000700a00000, 0x0000000700a00000|100%| O|  |TAMS 0x0000000700a00000, 0x0000000700800000| Untracked 
|   5|0x0000000700a00000, 0x0000000700c00000, 0x0000000700c00000|100%|HS|  |TAMS 0x0000000700c00000, 0x0000000700a00000| Complete 
|   6|0x0000000700c00000, 0x0000000700e00000, 0x0000000700e00000|100%| O|  |TAMS 0x0000000700e00000, 0x0000000700c00000| Untracked 
|   7|0x0000000700e00000, 0x0000000701000000, 0x0000000701000000|100%| O|  |TAMS 0x0000000701000000, 0x0000000700e00000| Untracked 
|   8|0x0000000701000000, 0x0000000701200000, 0x0000000701200000|100%| O|  |TAMS 0x0000000701200000, 0x0000000701000000| Untracked 
|   9|0x0000000701200000, 0x0000000701400000, 0x0000000701400000|100%| O|  |TAMS 0x0000000701400000, 0x0000000701200000| Untracked 
|  10|0x0000000701400000, 0x0000000701600000, 0x0000000701600000|100%| O|  |TAMS 0x0000000701600000, 0x0000000701400000| Untracked 
|  11|0x0000000701600000, 0x0000000701800000, 0x0000000701800000|100%| O|  |TAMS 0x0000000701800000, 0x0000000701600000| Untracked 
|  12|0x0000000701800000, 0x0000000701a00000, 0x0000000701a00000|100%| O|  |TAMS 0x0000000701a00000, 0x0000000701800000| Untracked 
|  13|0x0000000701a00000, 0x0000000701c00000, 0x0000000701c00000|100%| O|  |TAMS 0x0000000701c00000, 0x0000000701a00000| Untracked 
|  14|0x0000000701c00000, 0x0000000701e00000, 0x0000000701e00000|100%| O|  |TAMS 0x0000000701e00000, 0x0000000701c00000| Untracked 
|  15|0x0000000701e00000, 0x0000000702000000, 0x0000000702000000|100%| O|  |TAMS 0x0000000702000000, 0x0000000701e00000| Untracked 
|  16|0x0000000702000000, 0x0000000702200000, 0x0000000702200000|100%| O|  |TAMS 0x0000000702200000, 0x0000000702000000| Untracked 
|  17|0x0000000702200000, 0x0000000702400000, 0x0000000702400000|100%|HS|  |TAMS 0x0000000702400000, 0x0000000702200000| Complete 
|  18|0x0000000702400000, 0x0000000702600000, 0x0000000702600000|100%| O|  |TAMS 0x0000000702600000, 0x0000000702400000| Untracked 
|  19|0x0000000702600000, 0x0000000702800000, 0x0000000702800000|100%| O|  |TAMS 0x0000000702800000, 0x0000000702600000| Untracked 
|  20|0x0000000702800000, 0x0000000702a00000, 0x0000000702a00000|100%| O|  |TAMS 0x0000000702a00000, 0x0000000702800000| Untracked 
|  21|0x0000000702a00000, 0x0000000702c00000, 0x0000000702c00000|100%|HS|  |TAMS 0x0000000702c00000, 0x0000000702a00000| Complete 
|  22|0x0000000702c00000, 0x0000000702e00000, 0x0000000702e00000|100%| O|  |TAMS 0x0000000702e00000, 0x0000000702c00000| Untracked 
|  23|0x0000000702e00000, 0x0000000703000000, 0x0000000703000000|100%| O|  |TAMS 0x0000000703000000, 0x0000000702e00000| Untracked 
|  24|0x0000000703000000, 0x0000000703200000, 0x0000000703200000|100%|HS|  |TAMS 0x0000000703200000, 0x0000000703000000| Complete 
|  25|0x0000000703200000, 0x0000000703400000, 0x0000000703400000|100%|HC|  |TAMS 0x0000000703400000, 0x0000000703200000| Complete 
|  26|0x0000000703400000, 0x0000000703600000, 0x0000000703600000|100%| O|  |TAMS 0x0000000703600000, 0x0000000703400000| Untracked 
|  27|0x0000000703600000, 0x0000000703800000, 0x0000000703800000|100%| O|  |TAMS 0x0000000703800000, 0x0000000703600000| Untracked 
|  28|0x0000000703800000, 0x0000000703a00000, 0x0000000703a00000|100%| O|  |TAMS 0x0000000703a00000, 0x0000000703800000| Untracked 
|  29|0x0000000703a00000, 0x0000000703c00000, 0x0000000703c00000|100%| O|  |TAMS 0x0000000703c00000, 0x0000000703a00000| Untracked 
|  30|0x0000000703c00000, 0x0000000703e00000, 0x0000000703e00000|100%| O|  |TAMS 0x0000000703e00000, 0x0000000703c00000| Untracked 
|  31|0x0000000703e00000, 0x0000000704000000, 0x0000000704000000|100%| O|  |TAMS 0x0000000704000000, 0x0000000703e00000| Untracked 
|  32|0x0000000704000000, 0x0000000704200000, 0x0000000704200000|100%| O|  |TAMS 0x0000000704200000, 0x0000000704000000| Untracked 
|  33|0x0000000704200000, 0x0000000704400000, 0x0000000704400000|100%|HS|  |TAMS 0x0000000704400000, 0x0000000704200000| Complete 
|  34|0x0000000704400000, 0x0000000704600000, 0x0000000704600000|100%|HC|  |TAMS 0x0000000704600000, 0x0000000704400000| Complete 
|  35|0x0000000704600000, 0x0000000704800000, 0x0000000704800000|100%| O|  |TAMS 0x0000000704800000, 0x0000000704600000| Untracked 
|  36|0x0000000704800000, 0x0000000704a00000, 0x0000000704a00000|100%| O|  |TAMS 0x0000000704a00000, 0x0000000704800000| Untracked 
|  37|0x0000000704a00000, 0x0000000704c00000, 0x0000000704c00000|100%| O|  |TAMS 0x0000000704c00000, 0x0000000704a00000| Untracked 
|  38|0x0000000704c00000, 0x0000000704e00000, 0x0000000704e00000|100%| O|  |TAMS 0x0000000704e00000, 0x0000000704c00000| Untracked 
|  39|0x0000000704e00000, 0x0000000705000000, 0x0000000705000000|100%| O|  |TAMS 0x0000000705000000, 0x0000000704e00000| Untracked 
|  40|0x0000000705000000, 0x0000000705200000, 0x0000000705200000|100%| O|  |TAMS 0x0000000705200000, 0x0000000705000000| Untracked 
|  41|0x0000000705200000, 0x0000000705400000, 0x0000000705400000|100%| O|  |TAMS 0x0000000705400000, 0x0000000705200000| Untracked 
|  42|0x0000000705400000, 0x0000000705600000, 0x0000000705600000|100%| O|  |TAMS 0x0000000705600000, 0x0000000705400000| Untracked 
|  43|0x0000000705600000, 0x0000000705800000, 0x0000000705800000|100%| O|  |TAMS 0x0000000705800000, 0x0000000705600000| Untracked 
|  44|0x0000000705800000, 0x0000000705a00000, 0x0000000705a00000|100%| O|  |TAMS 0x0000000705a00000, 0x0000000705800000| Untracked 
|  45|0x0000000705a00000, 0x0000000705c00000, 0x0000000705c00000|100%| O|  |TAMS 0x0000000705c00000, 0x0000000705a00000| Untracked 
|  46|0x0000000705c00000, 0x0000000705e00000, 0x0000000705e00000|100%| O|  |TAMS 0x0000000705e00000, 0x0000000705c00000| Untracked 
|  47|0x0000000705e00000, 0x0000000706000000, 0x0000000706000000|100%| O|  |TAMS 0x0000000706000000, 0x0000000705e00000| Untracked 
|  48|0x0000000706000000, 0x0000000706200000, 0x0000000706200000|100%| O|  |TAMS 0x0000000706200000, 0x0000000706000000| Untracked 
|  49|0x0000000706200000, 0x0000000706400000, 0x0000000706400000|100%| O|  |TAMS 0x0000000706400000, 0x0000000706200000| Untracked 
|  50|0x0000000706400000, 0x0000000706600000, 0x0000000706600000|100%| O|  |TAMS 0x0000000706600000, 0x0000000706400000| Untracked 
|  51|0x0000000706600000, 0x0000000706800000, 0x0000000706800000|100%| O|  |TAMS 0x0000000706800000, 0x0000000706600000| Untracked 
|  52|0x0000000706800000, 0x0000000706a00000, 0x0000000706a00000|100%| O|  |TAMS 0x0000000706a00000, 0x0000000706800000| Untracked 
|  53|0x0000000706a00000, 0x0000000706c00000, 0x0000000706c00000|100%| O|  |TAMS 0x0000000706c00000, 0x0000000706a00000| Untracked 
|  54|0x0000000706c00000, 0x0000000706e00000, 0x0000000706e00000|100%| O|  |TAMS 0x0000000706e00000, 0x0000000706c00000| Untracked 
|  55|0x0000000706e00000, 0x0000000707000000, 0x0000000707000000|100%| O|  |TAMS 0x0000000707000000, 0x0000000706e00000| Untracked 
|  56|0x0000000707000000, 0x0000000707200000, 0x0000000707200000|100%| O|  |TAMS 0x0000000707200000, 0x0000000707000000| Untracked 
|  57|0x0000000707200000, 0x0000000707400000, 0x0000000707400000|100%| O|  |TAMS 0x0000000707400000, 0x0000000707200000| Untracked 
|  58|0x0000000707400000, 0x0000000707600000, 0x0000000707600000|100%| O|  |TAMS 0x0000000707600000, 0x0000000707400000| Untracked 
|  59|0x0000000707600000, 0x0000000707800000, 0x0000000707800000|100%| O|  |TAMS 0x0000000707800000, 0x0000000707600000| Untracked 
|  60|0x0000000707800000, 0x0000000707a00000, 0x0000000707a00000|100%| O|  |TAMS 0x00000007079dc800, 0x0000000707800000| Untracked 
|  61|0x0000000707a00000, 0x0000000707c00000, 0x0000000707c00000|100%|HS|  |TAMS 0x0000000707c00000, 0x0000000707a00000| Complete 
|  62|0x0000000707c00000, 0x0000000707e00000, 0x0000000707e00000|100%| O|  |TAMS 0x0000000707e00000, 0x0000000707c00000| Untracked 
|  63|0x0000000707e00000, 0x0000000708000000, 0x0000000708000000|100%| O|  |TAMS 0x0000000708000000, 0x0000000707e00000| Untracked 
|  64|0x0000000708000000, 0x0000000708200000, 0x0000000708200000|100%| O|  |TAMS 0x0000000708200000, 0x0000000708000000| Untracked 
|  65|0x0000000708200000, 0x0000000708400000, 0x0000000708400000|100%| O|  |TAMS 0x0000000708400000, 0x0000000708200000| Untracked 
|  66|0x0000000708400000, 0x0000000708600000, 0x0000000708600000|100%| O|  |TAMS 0x0000000708600000, 0x0000000708400000| Untracked 
|  67|0x0000000708600000, 0x0000000708800000, 0x0000000708800000|100%| O|  |TAMS 0x0000000708600000, 0x0000000708600000| Untracked 
|  68|0x0000000708800000, 0x0000000708a00000, 0x0000000708a00000|100%| O|  |TAMS 0x0000000708800000, 0x0000000708800000| Untracked 
|  69|0x0000000708a00000, 0x0000000708c00000, 0x0000000708c00000|100%| O|  |TAMS 0x0000000708c00000, 0x0000000708a00000| Untracked 
|  70|0x0000000708c00000, 0x0000000708e00000, 0x0000000708e00000|100%| O|  |TAMS 0x0000000708e00000, 0x0000000708c00000| Untracked 
|  71|0x0000000708e00000, 0x0000000709000000, 0x0000000709000000|100%| O|  |TAMS 0x0000000709000000, 0x0000000708e00000| Untracked 
|  72|0x0000000709000000, 0x0000000709200000, 0x0000000709200000|100%| O|  |TAMS 0x0000000709000000, 0x0000000709000000| Untracked 
|  73|0x0000000709200000, 0x0000000709400000, 0x0000000709400000|100%|HS|  |TAMS 0x0000000709400000, 0x0000000709200000| Complete 
|  74|0x0000000709400000, 0x0000000709600000, 0x0000000709600000|100%|HC|  |TAMS 0x0000000709600000, 0x0000000709400000| Complete 
|  75|0x0000000709600000, 0x0000000709800000, 0x0000000709800000|100%|HC|  |TAMS 0x0000000709800000, 0x0000000709600000| Complete 
|  76|0x0000000709800000, 0x0000000709a00000, 0x0000000709a00000|100%|HS|  |TAMS 0x0000000709a00000, 0x0000000709800000| Complete 
|  77|0x0000000709a00000, 0x0000000709c00000, 0x0000000709c00000|100%|HC|  |TAMS 0x0000000709c00000, 0x0000000709a00000| Complete 
|  78|0x0000000709c00000, 0x0000000709e00000, 0x0000000709e00000|100%|HS|  |TAMS 0x0000000709e00000, 0x0000000709c00000| Complete 
|  79|0x0000000709e00000, 0x000000070a000000, 0x000000070a000000|100%|HC|  |TAMS 0x000000070a000000, 0x0000000709e00000| Complete 
|  80|0x000000070a000000, 0x000000070a200000, 0x000000070a200000|100%|HC|  |TAMS 0x000000070a200000, 0x000000070a000000| Complete 
|  81|0x000000070a200000, 0x000000070a400000, 0x000000070a400000|100%|HS|  |TAMS 0x000000070a400000, 0x000000070a200000| Complete 
|  82|0x000000070a400000, 0x000000070a600000, 0x000000070a600000|100%|HC|  |TAMS 0x000000070a600000, 0x000000070a400000| Complete 
|  83|0x000000070a600000, 0x000000070a800000, 0x000000070a800000|100%|HC|  |TAMS 0x000000070a800000, 0x000000070a600000| Complete 
|  84|0x000000070a800000, 0x000000070aa00000, 0x000000070aa00000|100%| O|  |TAMS 0x000000070a800000, 0x000000070a800000| Untracked 
|  85|0x000000070aa00000, 0x000000070ac00000, 0x000000070ac00000|100%| O|  |TAMS 0x000000070ac00000, 0x000000070aa00000| Untracked 
|  86|0x000000070ac00000, 0x000000070ae00000, 0x000000070ae00000|100%| O|  |TAMS 0x000000070ae00000, 0x000000070ac00000| Untracked 
|  87|0x000000070ae00000, 0x000000070b000000, 0x000000070b000000|100%| O|  |TAMS 0x000000070b000000, 0x000000070ae00000| Untracked 
|  88|0x000000070b000000, 0x000000070b200000, 0x000000070b200000|100%| O|  |TAMS 0x000000070b200000, 0x000000070b000000| Untracked 
|  89|0x000000070b200000, 0x000000070b400000, 0x000000070b400000|100%| O|  |TAMS 0x000000070b400000, 0x000000070b200000| Untracked 
|  90|0x000000070b400000, 0x000000070b600000, 0x000000070b600000|100%| O|  |TAMS 0x000000070b600000, 0x000000070b400000| Untracked 
|  91|0x000000070b600000, 0x000000070b800000, 0x000000070b800000|100%| O|  |TAMS 0x000000070b800000, 0x000000070b600000| Untracked 
|  92|0x000000070b800000, 0x000000070ba00000, 0x000000070ba00000|100%| O|  |TAMS 0x000000070ba00000, 0x000000070b800000| Untracked 
|  93|0x000000070ba00000, 0x000000070bc00000, 0x000000070bc00000|100%| O|  |TAMS 0x000000070bc00000, 0x000000070ba00000| Untracked 
|  94|0x000000070bc00000, 0x000000070be00000, 0x000000070be00000|100%| O|  |TAMS 0x000000070bc00000, 0x000000070bc00000| Untracked 
|  95|0x000000070be00000, 0x000000070c000000, 0x000000070c000000|100%|HS|  |TAMS 0x000000070c000000, 0x000000070be00000| Complete 
|  96|0x000000070c000000, 0x000000070c200000, 0x000000070c200000|100%|HC|  |TAMS 0x000000070c200000, 0x000000070c000000| Complete 
|  97|0x000000070c200000, 0x000000070c400000, 0x000000070c400000|100%|HC|  |TAMS 0x000000070c400000, 0x000000070c200000| Complete 
|  98|0x000000070c400000, 0x000000070c600000, 0x000000070c600000|100%|HS|  |TAMS 0x000000070c600000, 0x000000070c400000| Complete 
|  99|0x000000070c600000, 0x000000070c800000, 0x000000070c800000|100%|HS|  |TAMS 0x000000070c800000, 0x000000070c600000| Complete 
| 100|0x000000070c800000, 0x000000070ca00000, 0x000000070ca00000|100%|HC|  |TAMS 0x000000070ca00000, 0x000000070c800000| Complete 
| 101|0x000000070ca00000, 0x000000070cc00000, 0x000000070cc00000|100%| O|  |TAMS 0x000000070cc00000, 0x000000070ca00000| Untracked 
| 102|0x000000070cc00000, 0x000000070ce00000, 0x000000070ce00000|100%| O|  |TAMS 0x000000070ce00000, 0x000000070cc00000| Untracked 
| 103|0x000000070ce00000, 0x000000070d000000, 0x000000070d000000|100%| O|  |TAMS 0x000000070d000000, 0x000000070ce00000| Untracked 
| 104|0x000000070d000000, 0x000000070d200000, 0x000000070d200000|100%| O|  |TAMS 0x000000070d000000, 0x000000070d000000| Untracked 
| 105|0x000000070d200000, 0x000000070d400000, 0x000000070d400000|100%| O|  |TAMS 0x000000070d200000, 0x000000070d200000| Untracked 
| 106|0x000000070d400000, 0x000000070d600000, 0x000000070d600000|100%| O|  |TAMS 0x000000070d400000, 0x000000070d400000| Untracked 
| 107|0x000000070d600000, 0x000000070d800000, 0x000000070d800000|100%| O|  |TAMS 0x000000070d800000, 0x000000070d600000| Untracked 
| 108|0x000000070d800000, 0x000000070da00000, 0x000000070da00000|100%| O|  |TAMS 0x000000070da00000, 0x000000070d800000| Untracked 
| 109|0x000000070da00000, 0x000000070dc00000, 0x000000070dc00000|100%| O|  |TAMS 0x000000070dc00000, 0x000000070da00000| Untracked 
| 110|0x000000070dc00000, 0x000000070de00000, 0x000000070de00000|100%| O|  |TAMS 0x000000070de00000, 0x000000070dc00000| Untracked 
| 111|0x000000070de00000, 0x000000070e000000, 0x000000070e000000|100%| O|  |TAMS 0x000000070e000000, 0x000000070de00000| Untracked 
| 112|0x000000070e000000, 0x000000070e200000, 0x000000070e200000|100%| O|  |TAMS 0x000000070e200000, 0x000000070e000000| Untracked 
| 113|0x000000070e200000, 0x000000070e400000, 0x000000070e400000|100%| O|  |TAMS 0x000000070e200000, 0x000000070e200000| Untracked 
| 114|0x000000070e400000, 0x000000070e600000, 0x000000070e600000|100%| O|  |TAMS 0x000000070e600000, 0x000000070e400000| Untracked 
| 115|0x000000070e600000, 0x000000070e800000, 0x000000070e800000|100%| O|  |TAMS 0x000000070e800000, 0x000000070e600000| Untracked 
| 116|0x000000070e800000, 0x000000070ea00000, 0x000000070ea00000|100%| O|  |TAMS 0x000000070ea00000, 0x000000070e800000| Untracked 
| 117|0x000000070ea00000, 0x000000070ec00000, 0x000000070ec00000|100%| O|  |TAMS 0x000000070ea00000, 0x000000070ea00000| Untracked 
| 118|0x000000070ec00000, 0x000000070ee00000, 0x000000070ee00000|100%| O|  |TAMS 0x000000070ec00000, 0x000000070ec00000| Untracked 
| 119|0x000000070ee00000, 0x000000070f000000, 0x000000070f000000|100%| O|  |TAMS 0x000000070ee00000, 0x000000070ee00000| Untracked 
| 120|0x000000070f000000, 0x000000070f200000, 0x000000070f200000|100%| O|  |TAMS 0x000000070f000000, 0x000000070f000000| Untracked 
| 121|0x000000070f200000, 0x000000070f400000, 0x000000070f400000|100%| O|  |TAMS 0x000000070f400000, 0x000000070f200000| Untracked 
| 122|0x000000070f400000, 0x000000070f600000, 0x000000070f600000|100%| O|  |TAMS 0x000000070f600000, 0x000000070f400000| Untracked 
| 123|0x000000070f600000, 0x000000070f800000, 0x000000070f800000|100%| O|  |TAMS 0x000000070f800000, 0x000000070f600000| Untracked 
| 124|0x000000070f800000, 0x000000070fa00000, 0x000000070fa00000|100%| O|  |TAMS 0x000000070fa00000, 0x000000070f800000| Untracked 
| 125|0x000000070fa00000, 0x000000070fc00000, 0x000000070fc00000|100%| O|  |TAMS 0x000000070fc00000, 0x000000070fa00000| Untracked 
| 126|0x000000070fc00000, 0x000000070fe00000, 0x000000070fe00000|100%| O|  |TAMS 0x000000070fc00000, 0x000000070fc00000| Untracked 
| 127|0x000000070fe00000, 0x0000000710000000, 0x0000000710000000|100%| O|  |TAMS 0x000000070fe00000, 0x000000070fe00000| Untracked 
| 128|0x0000000710000000, 0x0000000710200000, 0x0000000710200000|100%| O|  |TAMS 0x0000000710000000, 0x0000000710000000| Untracked 
| 129|0x0000000710200000, 0x0000000710400000, 0x0000000710400000|100%| O|  |TAMS 0x0000000710200000, 0x0000000710200000| Untracked 
| 130|0x0000000710400000, 0x0000000710600000, 0x0000000710600000|100%| O|  |TAMS 0x0000000710400000, 0x0000000710400000| Untracked 
| 131|0x0000000710600000, 0x0000000710800000, 0x0000000710800000|100%| O|  |TAMS 0x0000000710600000, 0x0000000710600000| Untracked 
| 132|0x0000000710800000, 0x0000000710a00000, 0x0000000710a00000|100%| O|  |TAMS 0x0000000710800000, 0x0000000710800000| Untracked 
| 133|0x0000000710a00000, 0x0000000710c00000, 0x0000000710c00000|100%| O|  |TAMS 0x0000000710a00000, 0x0000000710a00000| Untracked 
| 134|0x0000000710c00000, 0x0000000710e00000, 0x0000000710e00000|100%| O|  |TAMS 0x0000000710c00000, 0x0000000710c00000| Untracked 
| 135|0x0000000710e00000, 0x0000000711000000, 0x0000000711000000|100%| O|  |TAMS 0x0000000710e00000, 0x0000000710e00000| Untracked 
| 136|0x0000000711000000, 0x0000000711200000, 0x0000000711200000|100%| O|  |TAMS 0x0000000711000000, 0x0000000711000000| Untracked 
| 137|0x0000000711200000, 0x0000000711400000, 0x0000000711400000|100%| O|  |TAMS 0x0000000711200000, 0x0000000711200000| Untracked 
| 138|0x0000000711400000, 0x0000000711600000, 0x0000000711600000|100%| O|  |TAMS 0x0000000711400000, 0x0000000711400000| Untracked 
| 139|0x0000000711600000, 0x0000000711800000, 0x0000000711800000|100%|HS|  |TAMS 0x0000000711800000, 0x0000000711600000| Complete 
| 140|0x0000000711800000, 0x0000000711a00000, 0x0000000711a00000|100%| O|  |TAMS 0x0000000711a00000, 0x0000000711800000| Untracked 
| 141|0x0000000711a00000, 0x0000000711c00000, 0x0000000711c00000|100%| O|  |TAMS 0x0000000711a00000, 0x0000000711a00000| Untracked 
| 142|0x0000000711c00000, 0x0000000711e00000, 0x0000000711e00000|100%| O|  |TAMS 0x0000000711c00000, 0x0000000711c00000| Untracked 
| 143|0x0000000711e00000, 0x0000000712000000, 0x0000000712000000|100%| O|  |TAMS 0x0000000711e00000, 0x0000000711e00000| Untracked 
| 144|0x0000000712000000, 0x0000000712200000, 0x0000000712200000|100%| O|  |TAMS 0x0000000712000000, 0x0000000712000000| Untracked 
| 145|0x0000000712200000, 0x0000000712400000, 0x0000000712400000|100%| O|  |TAMS 0x0000000712200000, 0x0000000712200000| Untracked 
| 146|0x0000000712400000, 0x0000000712600000, 0x0000000712600000|100%| O|  |TAMS 0x0000000712600000, 0x0000000712400000| Untracked 
| 147|0x0000000712600000, 0x0000000712800000, 0x0000000712800000|100%| O|  |TAMS 0x0000000712600000, 0x0000000712600000| Untracked 
| 148|0x0000000712800000, 0x0000000712a00000, 0x0000000712a00000|100%| O|  |TAMS 0x0000000712a00000, 0x0000000712800000| Untracked 
| 149|0x0000000712a00000, 0x0000000712c00000, 0x0000000712c00000|100%| O|  |TAMS 0x0000000712c00000, 0x0000000712a00000| Untracked 
| 150|0x0000000712c00000, 0x0000000712e00000, 0x0000000712e00000|100%| O|  |TAMS 0x0000000712e00000, 0x0000000712c00000| Untracked 
| 151|0x0000000712e00000, 0x0000000713000000, 0x0000000713000000|100%| O|  |TAMS 0x0000000712e00000, 0x0000000712e00000| Untracked 
| 152|0x0000000713000000, 0x0000000713200000, 0x0000000713200000|100%| O|  |TAMS 0x0000000713000000, 0x0000000713000000| Untracked 
| 153|0x0000000713200000, 0x0000000713400000, 0x0000000713400000|100%| O|  |TAMS 0x0000000713200000, 0x0000000713200000| Untracked 
| 154|0x0000000713400000, 0x0000000713600000, 0x0000000713600000|100%| O|  |TAMS 0x0000000713600000, 0x0000000713400000| Untracked 
| 155|0x0000000713600000, 0x0000000713800000, 0x0000000713800000|100%| O|  |TAMS 0x0000000713600000, 0x0000000713600000| Untracked 
| 156|0x0000000713800000, 0x0000000713a00000, 0x0000000713a00000|100%| O|  |TAMS 0x0000000713800000, 0x0000000713800000| Untracked 
| 157|0x0000000713a00000, 0x0000000713c00000, 0x0000000713c00000|100%| O|  |TAMS 0x0000000713a00000, 0x0000000713a00000| Untracked 
| 158|0x0000000713c00000, 0x0000000713e00000, 0x0000000713e00000|100%| O|  |TAMS 0x0000000713c00000, 0x0000000713c00000| Untracked 
| 159|0x0000000713e00000, 0x0000000714000000, 0x0000000714000000|100%| O|  |TAMS 0x0000000713e00000, 0x0000000713e00000| Untracked 
| 160|0x0000000714000000, 0x0000000714200000, 0x0000000714200000|100%| O|  |TAMS 0x0000000714000000, 0x0000000714000000| Untracked 
| 161|0x0000000714200000, 0x0000000714400000, 0x0000000714400000|100%| O|  |TAMS 0x0000000714200000, 0x0000000714200000| Untracked 
| 162|0x0000000714400000, 0x0000000714600000, 0x0000000714600000|100%| O|  |TAMS 0x0000000714400000, 0x0000000714400000| Untracked 
| 163|0x0000000714600000, 0x0000000714800000, 0x0000000714800000|100%| O|  |TAMS 0x0000000714600000, 0x0000000714600000| Untracked 
| 164|0x0000000714800000, 0x0000000714a00000, 0x0000000714a00000|100%| O|  |TAMS 0x0000000714800000, 0x0000000714800000| Untracked 
| 165|0x0000000714a00000, 0x0000000714c00000, 0x0000000714c00000|100%| O|  |TAMS 0x0000000714a00000, 0x0000000714a00000| Untracked 
| 166|0x0000000714c00000, 0x0000000714e00000, 0x0000000714e00000|100%| O|  |TAMS 0x0000000714c00000, 0x0000000714c00000| Untracked 
| 167|0x0000000714e00000, 0x0000000715000000, 0x0000000715000000|100%| O|  |TAMS 0x0000000715000000, 0x0000000714e00000| Untracked 
| 168|0x0000000715000000, 0x0000000715200000, 0x0000000715200000|100%| O|  |TAMS 0x0000000715200000, 0x0000000715000000| Untracked 
| 169|0x0000000715200000, 0x0000000715400000, 0x0000000715400000|100%| O|  |TAMS 0x0000000715400000, 0x0000000715200000| Untracked 
| 170|0x0000000715400000, 0x0000000715600000, 0x0000000715600000|100%| O|  |TAMS 0x0000000715600000, 0x0000000715400000| Untracked 
| 171|0x0000000715600000, 0x0000000715800000, 0x0000000715800000|100%| O|  |TAMS 0x0000000715600000, 0x0000000715600000| Untracked 
| 172|0x0000000715800000, 0x0000000715a00000, 0x0000000715a00000|100%| O|  |TAMS 0x0000000715800000, 0x0000000715800000| Untracked 
| 173|0x0000000715a00000, 0x0000000715c00000, 0x0000000715c00000|100%| O|  |TAMS 0x0000000715c00000, 0x0000000715a00000| Untracked 
| 174|0x0000000715c00000, 0x0000000715e00000, 0x0000000715e00000|100%| O|  |TAMS 0x0000000715e00000, 0x0000000715c00000| Untracked 
| 175|0x0000000715e00000, 0x0000000716000000, 0x0000000716000000|100%| O|  |TAMS 0x0000000716000000, 0x0000000715e00000| Untracked 
| 176|0x0000000716000000, 0x0000000716200000, 0x0000000716200000|100%| O|  |TAMS 0x0000000716200000, 0x0000000716000000| Untracked 
| 177|0x0000000716200000, 0x0000000716400000, 0x0000000716400000|100%| O|  |TAMS 0x0000000716400000, 0x0000000716200000| Untracked 
| 178|0x0000000716400000, 0x0000000716600000, 0x0000000716600000|100%| O|  |TAMS 0x0000000716600000, 0x0000000716400000| Untracked 
| 179|0x0000000716600000, 0x0000000716800000, 0x0000000716800000|100%| O|  |TAMS 0x0000000716600000, 0x0000000716600000| Untracked 
| 180|0x0000000716800000, 0x0000000716a00000, 0x0000000716a00000|100%| O|  |TAMS 0x0000000716800000, 0x0000000716800000| Untracked 
| 181|0x0000000716a00000, 0x0000000716c00000, 0x0000000716c00000|100%| O|  |TAMS 0x0000000716a00000, 0x0000000716a00000| Untracked 
| 182|0x0000000716c00000, 0x0000000716e00000, 0x0000000716e00000|100%| O|  |TAMS 0x0000000716e00000, 0x0000000716c00000| Untracked 
| 183|0x0000000716e00000, 0x0000000717000000, 0x0000000717000000|100%| O|  |TAMS 0x0000000716e00000, 0x0000000716e00000| Untracked 
| 184|0x0000000717000000, 0x0000000717200000, 0x0000000717200000|100%| O|  |TAMS 0x0000000717000000, 0x0000000717000000| Untracked 
| 185|0x0000000717200000, 0x0000000717400000, 0x0000000717400000|100%| O|  |TAMS 0x0000000717400000, 0x0000000717200000| Untracked 
| 186|0x0000000717400000, 0x0000000717600000, 0x0000000717600000|100%| O|  |TAMS 0x0000000717400000, 0x0000000717400000| Untracked 
| 187|0x0000000717600000, 0x0000000717800000, 0x0000000717800000|100%| O|  |TAMS 0x0000000717600000, 0x0000000717600000| Untracked 
| 188|0x0000000717800000, 0x0000000717a00000, 0x0000000717a00000|100%| O|  |TAMS 0x0000000717800000, 0x0000000717800000| Untracked 
| 189|0x0000000717a00000, 0x0000000717c00000, 0x0000000717c00000|100%| O|  |TAMS 0x0000000717a00000, 0x0000000717a00000| Untracked 
| 190|0x0000000717c00000, 0x0000000717e00000, 0x0000000717e00000|100%| O|  |TAMS 0x0000000717c00000, 0x0000000717c00000| Untracked 
| 191|0x0000000717e00000, 0x0000000718000000, 0x0000000718000000|100%|HS|  |TAMS 0x0000000717e00000, 0x0000000717e00000| Complete 
| 192|0x0000000718000000, 0x0000000718200000, 0x0000000718200000|100%| O|  |TAMS 0x0000000718200000, 0x0000000718000000| Untracked 
| 193|0x0000000718200000, 0x0000000718400000, 0x0000000718400000|100%| O|  |TAMS 0x0000000718400000, 0x0000000718200000| Untracked 
| 194|0x0000000718400000, 0x0000000718600000, 0x0000000718600000|100%| O|  |TAMS 0x0000000718600000, 0x0000000718400000| Untracked 
| 195|0x0000000718600000, 0x0000000718800000, 0x0000000718800000|100%| O|  |TAMS 0x0000000718800000, 0x0000000718600000| Untracked 
| 196|0x0000000718800000, 0x0000000718a00000, 0x0000000718a00000|100%| O|  |TAMS 0x0000000718a00000, 0x0000000718800000| Untracked 
| 197|0x0000000718a00000, 0x0000000718c00000, 0x0000000718c00000|100%| O|  |TAMS 0x0000000718c00000, 0x0000000718a00000| Untracked 
| 198|0x0000000718c00000, 0x0000000718e00000, 0x0000000718e00000|100%| O|  |TAMS 0x0000000718e00000, 0x0000000718c00000| Untracked 
| 199|0x0000000718e00000, 0x0000000719000000, 0x0000000719000000|100%| O|  |TAMS 0x0000000719000000, 0x0000000718e00000| Untracked 
| 200|0x0000000719000000, 0x0000000719200000, 0x0000000719200000|100%| O|  |TAMS 0x0000000719200000, 0x0000000719000000| Untracked 
| 201|0x0000000719200000, 0x0000000719400000, 0x0000000719400000|100%| O|  |TAMS 0x0000000719400000, 0x0000000719200000| Untracked 
| 202|0x0000000719400000, 0x0000000719600000, 0x0000000719600000|100%| O|  |TAMS 0x0000000719600000, 0x0000000719400000| Untracked 
| 203|0x0000000719600000, 0x0000000719800000, 0x0000000719800000|100%| O|  |TAMS 0x0000000719800000, 0x0000000719600000| Untracked 
| 204|0x0000000719800000, 0x0000000719a00000, 0x0000000719a00000|100%| O|  |TAMS 0x0000000719a00000, 0x0000000719800000| Untracked 
| 205|0x0000000719a00000, 0x0000000719c00000, 0x0000000719c00000|100%| O|  |TAMS 0x0000000719c00000, 0x0000000719a00000| Untracked 
| 206|0x0000000719c00000, 0x0000000719e00000, 0x0000000719e00000|100%| O|  |TAMS 0x0000000719e00000, 0x0000000719c00000| Untracked 
| 207|0x0000000719e00000, 0x000000071a000000, 0x000000071a000000|100%| O|  |TAMS 0x000000071a000000, 0x0000000719e00000| Untracked 
| 208|0x000000071a000000, 0x000000071a200000, 0x000000071a200000|100%| O|  |TAMS 0x000000071a200000, 0x000000071a000000| Untracked 
| 209|0x000000071a200000, 0x000000071a400000, 0x000000071a400000|100%| O|  |TAMS 0x000000071a400000, 0x000000071a200000| Untracked 
| 210|0x000000071a400000, 0x000000071a600000, 0x000000071a600000|100%| O|  |TAMS 0x000000071a600000, 0x000000071a400000| Untracked 
| 211|0x000000071a600000, 0x000000071a800000, 0x000000071a800000|100%| O|  |TAMS 0x000000071a800000, 0x000000071a600000| Untracked 
| 212|0x000000071a800000, 0x000000071aa00000, 0x000000071aa00000|100%| O|  |TAMS 0x000000071aa00000, 0x000000071a800000| Untracked 
| 213|0x000000071aa00000, 0x000000071ac00000, 0x000000071ac00000|100%| O|  |TAMS 0x000000071ac00000, 0x000000071aa00000| Untracked 
| 214|0x000000071ac00000, 0x000000071ae00000, 0x000000071ae00000|100%| O|  |TAMS 0x000000071ae00000, 0x000000071ac00000| Untracked 
| 215|0x000000071ae00000, 0x000000071b000000, 0x000000071b000000|100%| O|  |TAMS 0x000000071b000000, 0x000000071ae00000| Untracked 
| 216|0x000000071b000000, 0x000000071b200000, 0x000000071b200000|100%| O|  |TAMS 0x000000071b200000, 0x000000071b000000| Untracked 
| 217|0x000000071b200000, 0x000000071b400000, 0x000000071b400000|100%| O|  |TAMS 0x000000071b400000, 0x000000071b200000| Untracked 
| 218|0x000000071b400000, 0x000000071b600000, 0x000000071b600000|100%| O|  |TAMS 0x000000071b600000, 0x000000071b400000| Untracked 
| 219|0x000000071b600000, 0x000000071b800000, 0x000000071b800000|100%| O|  |TAMS 0x000000071b800000, 0x000000071b600000| Untracked 
| 220|0x000000071b800000, 0x000000071ba00000, 0x000000071ba00000|100%| O|  |TAMS 0x000000071ba00000, 0x000000071b800000| Untracked 
| 221|0x000000071ba00000, 0x000000071bc00000, 0x000000071bc00000|100%| O|  |TAMS 0x000000071bc00000, 0x000000071ba00000| Untracked 
| 222|0x000000071bc00000, 0x000000071be00000, 0x000000071be00000|100%| O|  |TAMS 0x000000071be00000, 0x000000071bc00000| Untracked 
| 223|0x000000071be00000, 0x000000071c000000, 0x000000071c000000|100%|HS|  |TAMS 0x000000071be00000, 0x000000071be00000| Complete 
| 224|0x000000071c000000, 0x000000071c200000, 0x000000071c200000|100%| O|  |TAMS 0x000000071c200000, 0x000000071c000000| Untracked 
| 225|0x000000071c200000, 0x000000071c400000, 0x000000071c400000|100%| O|  |TAMS 0x000000071c400000, 0x000000071c200000| Untracked 
| 226|0x000000071c400000, 0x000000071c600000, 0x000000071c600000|100%| O|  |TAMS 0x000000071c600000, 0x000000071c400000| Untracked 
| 227|0x000000071c600000, 0x000000071c800000, 0x000000071c800000|100%| O|  |TAMS 0x000000071c800000, 0x000000071c600000| Untracked 
| 228|0x000000071c800000, 0x000000071ca00000, 0x000000071ca00000|100%| O|  |TAMS 0x000000071ca00000, 0x000000071c800000| Untracked 
| 229|0x000000071ca00000, 0x000000071cc00000, 0x000000071cc00000|100%| O|  |TAMS 0x000000071cc00000, 0x000000071ca00000| Untracked 
| 230|0x000000071cc00000, 0x000000071ce00000, 0x000000071ce00000|100%| O|  |TAMS 0x000000071ce00000, 0x000000071cc00000| Untracked 
| 231|0x000000071ce00000, 0x000000071d000000, 0x000000071d000000|100%| O|  |TAMS 0x000000071d000000, 0x000000071ce00000| Untracked 
| 232|0x000000071d000000, 0x000000071d200000, 0x000000071d200000|100%| O|  |TAMS 0x000000071d200000, 0x000000071d000000| Untracked 
| 233|0x000000071d200000, 0x000000071d400000, 0x000000071d400000|100%| O|  |TAMS 0x000000071d400000, 0x000000071d200000| Untracked 
| 234|0x000000071d400000, 0x000000071d600000, 0x000000071d600000|100%| O|  |TAMS 0x000000071d400000, 0x000000071d400000| Untracked 
| 235|0x000000071d600000, 0x000000071d800000, 0x000000071d800000|100%| O|  |TAMS 0x000000071d600000, 0x000000071d600000| Untracked 
| 236|0x000000071d800000, 0x000000071da00000, 0x000000071da00000|100%| O|  |TAMS 0x000000071d800000, 0x000000071d800000| Untracked 
| 237|0x000000071da00000, 0x000000071dc00000, 0x000000071dc00000|100%| O|  |TAMS 0x000000071da00000, 0x000000071da00000| Untracked 
| 238|0x000000071dc00000, 0x000000071de00000, 0x000000071de00000|100%| O|  |TAMS 0x000000071dc00000, 0x000000071dc00000| Untracked 
| 239|0x000000071de00000, 0x000000071e000000, 0x000000071e000000|100%|HS|  |TAMS 0x000000071de00000, 0x000000071de00000| Complete 
| 240|0x000000071e000000, 0x000000071e200000, 0x000000071e200000|100%|HC|  |TAMS 0x000000071e000000, 0x000000071e000000| Complete 
| 241|0x000000071e200000, 0x000000071e400000, 0x000000071e400000|100%|HS|  |TAMS 0x000000071e200000, 0x000000071e200000| Complete 
| 242|0x000000071e400000, 0x000000071e600000, 0x000000071e600000|100%|HC|  |TAMS 0x000000071e400000, 0x000000071e400000| Complete 
| 243|0x000000071e600000, 0x000000071e800000, 0x000000071e800000|100%|HS|  |TAMS 0x000000071e600000, 0x000000071e600000| Complete 
| 244|0x000000071e800000, 0x000000071ea00000, 0x000000071ea00000|100%|HC|  |TAMS 0x000000071e800000, 0x000000071e800000| Complete 
| 245|0x000000071ea00000, 0x000000071ec00000, 0x000000071ec00000|100%|HS|  |TAMS 0x000000071ea00000, 0x000000071ea00000| Complete 
| 246|0x000000071ec00000, 0x000000071ee00000, 0x000000071ee00000|100%|HS|  |TAMS 0x000000071ec00000, 0x000000071ec00000| Complete 
| 247|0x000000071ee00000, 0x000000071f000000, 0x000000071f000000|100%|HS|  |TAMS 0x000000071ee00000, 0x000000071ee00000| Complete 
| 248|0x000000071f000000, 0x000000071f200000, 0x000000071f200000|100%|HS|  |TAMS 0x000000071f000000, 0x000000071f000000| Complete 
| 249|0x000000071f200000, 0x000000071f400000, 0x000000071f400000|100%|HC|  |TAMS 0x000000071f200000, 0x000000071f200000| Complete 
| 250|0x000000071f400000, 0x000000071f600000, 0x000000071f600000|100%| O|  |TAMS 0x000000071f400000, 0x000000071f400000| Untracked 
| 251|0x000000071f600000, 0x000000071f800000, 0x000000071f800000|100%| O|  |TAMS 0x000000071f600000, 0x000000071f600000| Untracked 
| 252|0x000000071f800000, 0x000000071fa00000, 0x000000071fa00000|100%| O|  |TAMS 0x000000071f800000, 0x000000071f800000| Untracked 
| 253|0x000000071fa00000, 0x000000071fc00000, 0x000000071fc00000|100%|HS|  |TAMS 0x000000071fa00000, 0x000000071fa00000| Complete 
| 254|0x000000071fc00000, 0x000000071fc00000, 0x000000071fe00000|  0%| F|  |TAMS 0x000000071fc00000, 0x000000071fc00000| Untracked 
| 255|0x000000071fe00000, 0x0000000720000000, 0x0000000720000000|100%| O|  |TAMS 0x000000071fe00000, 0x000000071fe00000| Untracked 
| 256|0x0000000720000000, 0x0000000720200000, 0x0000000720200000|100%|HS|  |TAMS 0x0000000720000000, 0x0000000720000000| Complete 
| 257|0x0000000720200000, 0x0000000720400000, 0x0000000720400000|100%| O|  |TAMS 0x0000000720200000, 0x0000000720200000| Untracked 
| 258|0x0000000720400000, 0x0000000720600000, 0x0000000720600000|100%| O|  |TAMS 0x0000000720400000, 0x0000000720400000| Untracked 
| 259|0x0000000720600000, 0x0000000720800000, 0x0000000720800000|100%| O|  |TAMS 0x0000000720600000, 0x0000000720600000| Untracked 
| 260|0x0000000720800000, 0x0000000720a00000, 0x0000000720a00000|100%| O|  |TAMS 0x0000000720800000, 0x0000000720800000| Untracked 
| 261|0x0000000720a00000, 0x0000000720c00000, 0x0000000720c00000|100%| O|  |TAMS 0x0000000720a00000, 0x0000000720a00000| Untracked 
| 262|0x0000000720c00000, 0x0000000720e00000, 0x0000000720e00000|100%| O|  |TAMS 0x0000000720c00000, 0x0000000720c00000| Untracked 
| 263|0x0000000720e00000, 0x0000000721000000, 0x0000000721000000|100%| O|  |TAMS 0x0000000720e00000, 0x0000000720e00000| Untracked 
| 264|0x0000000721000000, 0x0000000721200000, 0x0000000721200000|100%| O|  |TAMS 0x0000000721000000, 0x0000000721000000| Untracked 
| 265|0x0000000721200000, 0x0000000721400000, 0x0000000721400000|100%| O|  |TAMS 0x0000000721200000, 0x0000000721200000| Untracked 
| 266|0x0000000721400000, 0x0000000721600000, 0x0000000721600000|100%| O|  |TAMS 0x0000000721400000, 0x0000000721400000| Untracked 
| 267|0x0000000721600000, 0x0000000721800000, 0x0000000721800000|100%| O|  |TAMS 0x0000000721600000, 0x0000000721600000| Untracked 
| 268|0x0000000721800000, 0x0000000721a00000, 0x0000000721a00000|100%| O|  |TAMS 0x0000000721800000, 0x0000000721800000| Untracked 
| 269|0x0000000721a00000, 0x0000000721c00000, 0x0000000721c00000|100%| O|  |TAMS 0x0000000721a00000, 0x0000000721a00000| Untracked 
| 270|0x0000000721c00000, 0x0000000721e00000, 0x0000000721e00000|100%| O|  |TAMS 0x0000000721c00000, 0x0000000721c00000| Untracked 
| 271|0x0000000721e00000, 0x0000000722000000, 0x0000000722000000|100%| O|  |TAMS 0x0000000721e00000, 0x0000000721e00000| Untracked 
| 272|0x0000000722000000, 0x0000000722200000, 0x0000000722200000|100%| O|  |TAMS 0x0000000722000000, 0x0000000722000000| Untracked 
| 273|0x0000000722200000, 0x0000000722400000, 0x0000000722400000|100%| O|  |TAMS 0x0000000722200000, 0x0000000722200000| Untracked 
| 274|0x0000000722400000, 0x0000000722600000, 0x0000000722600000|100%| O|  |TAMS 0x0000000722400000, 0x0000000722400000| Untracked 
| 275|0x0000000722600000, 0x0000000722800000, 0x0000000722800000|100%| O|  |TAMS 0x0000000722600000, 0x0000000722600000| Untracked 
| 276|0x0000000722800000, 0x0000000722a00000, 0x0000000722a00000|100%| O|  |TAMS 0x0000000722800000, 0x0000000722800000| Untracked 
| 277|0x0000000722a00000, 0x0000000722c00000, 0x0000000722c00000|100%| O|  |TAMS 0x0000000722a00000, 0x0000000722a00000| Untracked 
| 278|0x0000000722c00000, 0x0000000722e00000, 0x0000000722e00000|100%| O|  |TAMS 0x0000000722c00000, 0x0000000722c00000| Untracked 
| 279|0x0000000722e00000, 0x0000000723000000, 0x0000000723000000|100%| O|  |TAMS 0x0000000722e00000, 0x0000000722e00000| Untracked 
| 280|0x0000000723000000, 0x0000000723200000, 0x0000000723200000|100%|HS|  |TAMS 0x0000000723000000, 0x0000000723000000| Complete 
| 281|0x0000000723200000, 0x0000000723400000, 0x0000000723400000|100%| O|  |TAMS 0x0000000723200000, 0x0000000723200000| Untracked 
| 282|0x0000000723400000, 0x0000000723600000, 0x0000000723600000|100%| O|  |TAMS 0x0000000723400000, 0x0000000723400000| Untracked 
| 283|0x0000000723600000, 0x0000000723800000, 0x0000000723800000|100%| O|  |TAMS 0x0000000723600000, 0x0000000723600000| Untracked 
| 284|0x0000000723800000, 0x0000000723a00000, 0x0000000723a00000|100%| O|  |TAMS 0x0000000723800000, 0x0000000723800000| Untracked 
| 285|0x0000000723a00000, 0x0000000723c00000, 0x0000000723c00000|100%| O|  |TAMS 0x0000000723a00000, 0x0000000723a00000| Untracked 
| 286|0x0000000723c00000, 0x0000000723e00000, 0x0000000723e00000|100%| O|  |TAMS 0x0000000723c00000, 0x0000000723c00000| Untracked 
| 287|0x0000000723e00000, 0x0000000724000000, 0x0000000724000000|100%| O|  |TAMS 0x0000000723e00000, 0x0000000723e00000| Untracked 
| 288|0x0000000724000000, 0x0000000724200000, 0x0000000724200000|100%| O|  |TAMS 0x0000000724000000, 0x0000000724000000| Untracked 
| 289|0x0000000724200000, 0x0000000724400000, 0x0000000724400000|100%| O|  |TAMS 0x0000000724200000, 0x0000000724200000| Untracked 
| 290|0x0000000724400000, 0x0000000724600000, 0x0000000724600000|100%| O|  |TAMS 0x0000000724400000, 0x0000000724400000| Untracked 
| 291|0x0000000724600000, 0x0000000724800000, 0x0000000724800000|100%| O|  |TAMS 0x0000000724600000, 0x0000000724600000| Untracked 
| 292|0x0000000724800000, 0x0000000724a00000, 0x0000000724a00000|100%| O|  |TAMS 0x0000000724800000, 0x0000000724800000| Untracked 
| 293|0x0000000724a00000, 0x0000000724c00000, 0x0000000724c00000|100%| O|  |TAMS 0x0000000724a00000, 0x0000000724a00000| Untracked 
| 294|0x0000000724c00000, 0x0000000724e00000, 0x0000000724e00000|100%| O|  |TAMS 0x0000000724c00000, 0x0000000724c00000| Untracked 
| 295|0x0000000724e00000, 0x0000000725000000, 0x0000000725000000|100%| O|  |TAMS 0x0000000724e00000, 0x0000000724e00000| Untracked 
| 296|0x0000000725000000, 0x0000000725200000, 0x0000000725200000|100%| O|  |TAMS 0x0000000725000000, 0x0000000725000000| Untracked 
| 297|0x0000000725200000, 0x0000000725400000, 0x0000000725400000|100%| O|  |TAMS 0x0000000725200000, 0x0000000725200000| Untracked 
| 298|0x0000000725400000, 0x0000000725600000, 0x0000000725600000|100%| O|  |TAMS 0x0000000725400000, 0x0000000725400000| Untracked 
| 299|0x0000000725600000, 0x0000000725800000, 0x0000000725800000|100%| O|  |TAMS 0x0000000725600000, 0x0000000725600000| Untracked 
| 300|0x0000000725800000, 0x0000000725a00000, 0x0000000725a00000|100%| O|  |TAMS 0x0000000725800000, 0x0000000725800000| Untracked 
| 301|0x0000000725a00000, 0x0000000725c00000, 0x0000000725c00000|100%| O|  |TAMS 0x0000000725a00000, 0x0000000725a00000| Untracked 
| 302|0x0000000725c00000, 0x0000000725e00000, 0x0000000725e00000|100%| O|  |TAMS 0x0000000725c00000, 0x0000000725c00000| Untracked 
| 303|0x0000000725e00000, 0x0000000726000000, 0x0000000726000000|100%| O|  |TAMS 0x0000000725e00000, 0x0000000725e00000| Untracked 
| 304|0x0000000726000000, 0x0000000726200000, 0x0000000726200000|100%| O|  |TAMS 0x0000000726000000, 0x0000000726000000| Untracked 
| 305|0x0000000726200000, 0x0000000726400000, 0x0000000726400000|100%| O|  |TAMS 0x0000000726200000, 0x0000000726200000| Untracked 
| 306|0x0000000726400000, 0x0000000726600000, 0x0000000726600000|100%| O|  |TAMS 0x0000000726400000, 0x0000000726400000| Untracked 
| 307|0x0000000726600000, 0x0000000726800000, 0x0000000726800000|100%| O|  |TAMS 0x0000000726600000, 0x0000000726600000| Untracked 
| 308|0x0000000726800000, 0x0000000726a00000, 0x0000000726a00000|100%| O|  |TAMS 0x0000000726800000, 0x0000000726800000| Untracked 
| 309|0x0000000726a00000, 0x0000000726c00000, 0x0000000726c00000|100%| O|  |TAMS 0x0000000726a00000, 0x0000000726a00000| Untracked 
| 310|0x0000000726c00000, 0x0000000726e00000, 0x0000000726e00000|100%| O|  |TAMS 0x0000000726c00000, 0x0000000726c00000| Untracked 
| 311|0x0000000726e00000, 0x0000000727000000, 0x0000000727000000|100%| O|  |TAMS 0x0000000726e00000, 0x0000000726e00000| Untracked 
| 312|0x0000000727000000, 0x0000000727200000, 0x0000000727200000|100%| O|  |TAMS 0x0000000727000000, 0x0000000727000000| Untracked 
| 313|0x0000000727200000, 0x0000000727400000, 0x0000000727400000|100%| O|  |TAMS 0x0000000727200000, 0x0000000727200000| Untracked 
| 314|0x0000000727400000, 0x0000000727600000, 0x0000000727600000|100%| O|  |TAMS 0x0000000727400000, 0x0000000727400000| Untracked 
| 315|0x0000000727600000, 0x0000000727800000, 0x0000000727800000|100%| O|  |TAMS 0x0000000727600000, 0x0000000727600000| Untracked 
| 316|0x0000000727800000, 0x0000000727a00000, 0x0000000727a00000|100%| O|  |TAMS 0x0000000727800000, 0x0000000727800000| Untracked 
| 317|0x0000000727a00000, 0x0000000727c00000, 0x0000000727c00000|100%| O|  |TAMS 0x0000000727a00000, 0x0000000727a00000| Untracked 
| 318|0x0000000727c00000, 0x0000000727e00000, 0x0000000727e00000|100%| O|  |TAMS 0x0000000727c00000, 0x0000000727c00000| Untracked 
| 319|0x0000000727e00000, 0x0000000727f58400, 0x0000000728000000| 67%| O|  |TAMS 0x0000000727e00000, 0x0000000727e00000| Untracked 
| 320|0x0000000728000000, 0x0000000728000000, 0x0000000728200000|  0%| F|  |TAMS 0x0000000728000000, 0x0000000728000000| Untracked 
| 321|0x0000000728200000, 0x0000000728400000, 0x0000000728400000|100%|HS|  |TAMS 0x0000000728200000, 0x0000000728200000| Complete 
| 322|0x0000000728400000, 0x0000000728600000, 0x0000000728600000|100%|HS|  |TAMS 0x0000000728400000, 0x0000000728400000| Complete 
| 323|0x0000000728600000, 0x0000000728600000, 0x0000000728800000|  0%| F|  |TAMS 0x0000000728600000, 0x0000000728600000| Untracked 
| 324|0x0000000728800000, 0x0000000728800000, 0x0000000728a00000|  0%| F|  |TAMS 0x0000000728800000, 0x0000000728800000| Untracked 
| 325|0x0000000728a00000, 0x0000000728a00000, 0x0000000728c00000|  0%| F|  |TAMS 0x0000000728a00000, 0x0000000728a00000| Untracked 
| 326|0x0000000728c00000, 0x0000000728c00000, 0x0000000728e00000|  0%| F|  |TAMS 0x0000000728c00000, 0x0000000728c00000| Untracked 
| 327|0x0000000728e00000, 0x0000000728e00000, 0x0000000729000000|  0%| F|  |TAMS 0x0000000728e00000, 0x0000000728e00000| Untracked 
| 328|0x0000000729000000, 0x0000000729000000, 0x0000000729200000|  0%| F|  |TAMS 0x0000000729000000, 0x0000000729000000| Untracked 
| 329|0x0000000729200000, 0x0000000729200000, 0x0000000729400000|  0%| F|  |TAMS 0x0000000729200000, 0x0000000729200000| Untracked 
| 330|0x0000000729400000, 0x0000000729400000, 0x0000000729600000|  0%| F|  |TAMS 0x0000000729400000, 0x0000000729400000| Untracked 
| 331|0x0000000729600000, 0x0000000729600000, 0x0000000729800000|  0%| F|  |TAMS 0x0000000729600000, 0x0000000729600000| Untracked 
| 332|0x0000000729800000, 0x0000000729800000, 0x0000000729a00000|  0%| F|  |TAMS 0x0000000729800000, 0x0000000729800000| Untracked 
| 333|0x0000000729a00000, 0x0000000729a00000, 0x0000000729c00000|  0%| F|  |TAMS 0x0000000729a00000, 0x0000000729a00000| Untracked 
| 334|0x0000000729c00000, 0x0000000729c00000, 0x0000000729e00000|  0%| F|  |TAMS 0x0000000729c00000, 0x0000000729c00000| Untracked 
| 335|0x0000000729e00000, 0x0000000729e00000, 0x000000072a000000|  0%| F|  |TAMS 0x0000000729e00000, 0x0000000729e00000| Untracked 
| 336|0x000000072a000000, 0x000000072a000000, 0x000000072a200000|  0%| F|  |TAMS 0x000000072a000000, 0x000000072a000000| Untracked 
| 337|0x000000072a200000, 0x000000072a200000, 0x000000072a400000|  0%| F|  |TAMS 0x000000072a200000, 0x000000072a200000| Untracked 
| 338|0x000000072a400000, 0x000000072a400000, 0x000000072a600000|  0%| F|  |TAMS 0x000000072a400000, 0x000000072a400000| Untracked 
| 339|0x000000072a600000, 0x000000072a600000, 0x000000072a800000|  0%| F|  |TAMS 0x000000072a600000, 0x000000072a600000| Untracked 
| 340|0x000000072a800000, 0x000000072a800000, 0x000000072aa00000|  0%| F|  |TAMS 0x000000072a800000, 0x000000072a800000| Untracked 
| 341|0x000000072aa00000, 0x000000072aa00000, 0x000000072ac00000|  0%| F|  |TAMS 0x000000072aa00000, 0x000000072aa00000| Untracked 
| 342|0x000000072ac00000, 0x000000072ac00000, 0x000000072ae00000|  0%| F|  |TAMS 0x000000072ac00000, 0x000000072ac00000| Untracked 
| 343|0x000000072ae00000, 0x000000072ae00000, 0x000000072b000000|  0%| F|  |TAMS 0x000000072ae00000, 0x000000072ae00000| Untracked 
| 344|0x000000072b000000, 0x000000072b000000, 0x000000072b200000|  0%| F|  |TAMS 0x000000072b000000, 0x000000072b000000| Untracked 
| 345|0x000000072b200000, 0x000000072b200000, 0x000000072b400000|  0%| F|  |TAMS 0x000000072b200000, 0x000000072b200000| Untracked 
| 346|0x000000072b400000, 0x000000072b400000, 0x000000072b600000|  0%| F|  |TAMS 0x000000072b400000, 0x000000072b400000| Untracked 
| 347|0x000000072b600000, 0x000000072b600000, 0x000000072b800000|  0%| F|  |TAMS 0x000000072b600000, 0x000000072b600000| Untracked 
| 348|0x000000072b800000, 0x000000072b800000, 0x000000072ba00000|  0%| F|  |TAMS 0x000000072b800000, 0x000000072b800000| Untracked 
| 349|0x000000072ba00000, 0x000000072ba00000, 0x000000072bc00000|  0%| F|  |TAMS 0x000000072ba00000, 0x000000072ba00000| Untracked 
| 350|0x000000072bc00000, 0x000000072bc00000, 0x000000072be00000|  0%| F|  |TAMS 0x000000072bc00000, 0x000000072bc00000| Untracked 
| 351|0x000000072be00000, 0x000000072be00000, 0x000000072c000000|  0%| F|  |TAMS 0x000000072be00000, 0x000000072be00000| Untracked 
| 352|0x000000072c000000, 0x000000072c000000, 0x000000072c200000|  0%| F|  |TAMS 0x000000072c000000, 0x000000072c000000| Untracked 
| 353|0x000000072c200000, 0x000000072c200000, 0x000000072c400000|  0%| F|  |TAMS 0x000000072c200000, 0x000000072c200000| Untracked 
| 354|0x000000072c400000, 0x000000072c400000, 0x000000072c600000|  0%| F|  |TAMS 0x000000072c400000, 0x000000072c400000| Untracked 
| 355|0x000000072c600000, 0x000000072c600000, 0x000000072c800000|  0%| F|  |TAMS 0x000000072c600000, 0x000000072c600000| Untracked 
| 356|0x000000072c800000, 0x000000072c800000, 0x000000072ca00000|  0%| F|  |TAMS 0x000000072c800000, 0x000000072c800000| Untracked 
| 357|0x000000072ca00000, 0x000000072ca00000, 0x000000072cc00000|  0%| F|  |TAMS 0x000000072ca00000, 0x000000072ca00000| Untracked 
| 358|0x000000072cc00000, 0x000000072cc00000, 0x000000072ce00000|  0%| F|  |TAMS 0x000000072cc00000, 0x000000072cc00000| Untracked 
| 359|0x000000072ce00000, 0x000000072ce00000, 0x000000072d000000|  0%| F|  |TAMS 0x000000072ce00000, 0x000000072ce00000| Untracked 
| 360|0x000000072d000000, 0x000000072d000000, 0x000000072d200000|  0%| F|  |TAMS 0x000000072d000000, 0x000000072d000000| Untracked 
| 361|0x000000072d200000, 0x000000072d200000, 0x000000072d400000|  0%| F|  |TAMS 0x000000072d200000, 0x000000072d200000| Untracked 
| 362|0x000000072d400000, 0x000000072d400000, 0x000000072d600000|  0%| F|  |TAMS 0x000000072d400000, 0x000000072d400000| Untracked 
| 363|0x000000072d600000, 0x000000072d600000, 0x000000072d800000|  0%| F|  |TAMS 0x000000072d600000, 0x000000072d600000| Untracked 
| 364|0x000000072d800000, 0x000000072d800000, 0x000000072da00000|  0%| F|  |TAMS 0x000000072d800000, 0x000000072d800000| Untracked 
| 365|0x000000072da00000, 0x000000072da00000, 0x000000072dc00000|  0%| F|  |TAMS 0x000000072da00000, 0x000000072da00000| Untracked 
| 366|0x000000072dc00000, 0x000000072dc00000, 0x000000072de00000|  0%| F|  |TAMS 0x000000072dc00000, 0x000000072dc00000| Untracked 
| 367|0x000000072de00000, 0x000000072de00000, 0x000000072e000000|  0%| F|  |TAMS 0x000000072de00000, 0x000000072de00000| Untracked 
| 368|0x000000072e000000, 0x000000072e000000, 0x000000072e200000|  0%| F|  |TAMS 0x000000072e000000, 0x000000072e000000| Untracked 
| 369|0x000000072e200000, 0x000000072e200000, 0x000000072e400000|  0%| F|  |TAMS 0x000000072e200000, 0x000000072e200000| Untracked 
| 370|0x000000072e400000, 0x000000072e400000, 0x000000072e600000|  0%| F|  |TAMS 0x000000072e400000, 0x000000072e400000| Untracked 
| 371|0x000000072e600000, 0x000000072e600000, 0x000000072e800000|  0%| F|  |TAMS 0x000000072e600000, 0x000000072e600000| Untracked 
| 372|0x000000072e800000, 0x000000072e800000, 0x000000072ea00000|  0%| F|  |TAMS 0x000000072e800000, 0x000000072e800000| Untracked 
| 373|0x000000072ea00000, 0x000000072ea00000, 0x000000072ec00000|  0%| F|  |TAMS 0x000000072ea00000, 0x000000072ea00000| Untracked 
| 374|0x000000072ec00000, 0x000000072ec00000, 0x000000072ee00000|  0%| F|  |TAMS 0x000000072ec00000, 0x000000072ec00000| Untracked 
| 375|0x000000072ee00000, 0x000000072ee00000, 0x000000072f000000|  0%| F|  |TAMS 0x000000072ee00000, 0x000000072ee00000| Untracked 
| 376|0x000000072f000000, 0x000000072f000000, 0x000000072f200000|  0%| F|  |TAMS 0x000000072f000000, 0x000000072f000000| Untracked 
| 377|0x000000072f200000, 0x000000072f200000, 0x000000072f400000|  0%| F|  |TAMS 0x000000072f200000, 0x000000072f200000| Untracked 
| 378|0x000000072f400000, 0x000000072f400000, 0x000000072f600000|  0%| F|  |TAMS 0x000000072f400000, 0x000000072f400000| Untracked 
| 379|0x000000072f600000, 0x000000072f600000, 0x000000072f800000|  0%| F|  |TAMS 0x000000072f600000, 0x000000072f600000| Untracked 
| 380|0x000000072f800000, 0x000000072f800000, 0x000000072fa00000|  0%| F|  |TAMS 0x000000072f800000, 0x000000072f800000| Untracked 
| 381|0x000000072fa00000, 0x000000072fa00000, 0x000000072fc00000|  0%| F|  |TAMS 0x000000072fa00000, 0x000000072fa00000| Untracked 
| 382|0x000000072fc00000, 0x000000072fc00000, 0x000000072fe00000|  0%| F|  |TAMS 0x000000072fc00000, 0x000000072fc00000| Untracked 
| 383|0x000000072fe00000, 0x000000072fe00000, 0x0000000730000000|  0%| F|  |TAMS 0x000000072fe00000, 0x000000072fe00000| Untracked 
| 384|0x0000000730000000, 0x0000000730000000, 0x0000000730200000|  0%| F|  |TAMS 0x0000000730000000, 0x0000000730000000| Untracked 
| 385|0x0000000730200000, 0x0000000730200000, 0x0000000730400000|  0%| F|  |TAMS 0x0000000730200000, 0x0000000730200000| Untracked 
| 386|0x0000000730400000, 0x0000000730400000, 0x0000000730600000|  0%| F|  |TAMS 0x0000000730400000, 0x0000000730400000| Untracked 
| 387|0x0000000730600000, 0x0000000730600000, 0x0000000730800000|  0%| F|  |TAMS 0x0000000730600000, 0x0000000730600000| Untracked 
| 388|0x0000000730800000, 0x0000000730800000, 0x0000000730a00000|  0%| F|  |TAMS 0x0000000730800000, 0x0000000730800000| Untracked 
| 389|0x0000000730a00000, 0x0000000730a00000, 0x0000000730c00000|  0%| F|  |TAMS 0x0000000730a00000, 0x0000000730a00000| Untracked 
| 390|0x0000000730c00000, 0x0000000730c00000, 0x0000000730e00000|  0%| F|  |TAMS 0x0000000730c00000, 0x0000000730c00000| Untracked 
| 391|0x0000000730e00000, 0x0000000730e00000, 0x0000000731000000|  0%| F|  |TAMS 0x0000000730e00000, 0x0000000730e00000| Untracked 
| 392|0x0000000731000000, 0x0000000731000000, 0x0000000731200000|  0%| F|  |TAMS 0x0000000731000000, 0x0000000731000000| Untracked 
| 393|0x0000000731200000, 0x0000000731200000, 0x0000000731400000|  0%| F|  |TAMS 0x0000000731200000, 0x0000000731200000| Untracked 
| 394|0x0000000731400000, 0x0000000731400000, 0x0000000731600000|  0%| F|  |TAMS 0x0000000731400000, 0x0000000731400000| Untracked 
| 395|0x0000000731600000, 0x0000000731600000, 0x0000000731800000|  0%| F|  |TAMS 0x0000000731600000, 0x0000000731600000| Untracked 
| 396|0x0000000731800000, 0x0000000731800000, 0x0000000731a00000|  0%| F|  |TAMS 0x0000000731800000, 0x0000000731800000| Untracked 
| 397|0x0000000731a00000, 0x0000000731a00000, 0x0000000731c00000|  0%| F|  |TAMS 0x0000000731a00000, 0x0000000731a00000| Untracked 
| 398|0x0000000731c00000, 0x0000000731c00000, 0x0000000731e00000|  0%| F|  |TAMS 0x0000000731c00000, 0x0000000731c00000| Untracked 
| 399|0x0000000731e00000, 0x0000000731e00000, 0x0000000732000000|  0%| F|  |TAMS 0x0000000731e00000, 0x0000000731e00000| Untracked 
| 400|0x0000000732000000, 0x0000000732000000, 0x0000000732200000|  0%| F|  |TAMS 0x0000000732000000, 0x0000000732000000| Untracked 
| 401|0x0000000732200000, 0x0000000732200000, 0x0000000732400000|  0%| F|  |TAMS 0x0000000732200000, 0x0000000732200000| Untracked 
| 402|0x0000000732400000, 0x0000000732400000, 0x0000000732600000|  0%| F|  |TAMS 0x0000000732400000, 0x0000000732400000| Untracked 
| 403|0x0000000732600000, 0x0000000732600000, 0x0000000732800000|  0%| F|  |TAMS 0x0000000732600000, 0x0000000732600000| Untracked 
| 404|0x0000000732800000, 0x0000000732800000, 0x0000000732a00000|  0%| F|  |TAMS 0x0000000732800000, 0x0000000732800000| Untracked 
| 405|0x0000000732a00000, 0x0000000732a00000, 0x0000000732c00000|  0%| F|  |TAMS 0x0000000732a00000, 0x0000000732a00000| Untracked 
| 406|0x0000000732c00000, 0x0000000732c00000, 0x0000000732e00000|  0%| F|  |TAMS 0x0000000732c00000, 0x0000000732c00000| Untracked 
| 407|0x0000000732e00000, 0x0000000732e00000, 0x0000000733000000|  0%| F|  |TAMS 0x0000000732e00000, 0x0000000732e00000| Untracked 
| 408|0x0000000733000000, 0x0000000733000000, 0x0000000733200000|  0%| F|  |TAMS 0x0000000733000000, 0x0000000733000000| Untracked 
| 409|0x0000000733200000, 0x0000000733200000, 0x0000000733400000|  0%| F|  |TAMS 0x0000000733200000, 0x0000000733200000| Untracked 
| 410|0x0000000733400000, 0x0000000733400000, 0x0000000733600000|  0%| F|  |TAMS 0x0000000733400000, 0x0000000733400000| Untracked 
| 411|0x0000000733600000, 0x0000000733600000, 0x0000000733800000|  0%| F|  |TAMS 0x0000000733600000, 0x0000000733600000| Untracked 
| 412|0x0000000733800000, 0x0000000733800000, 0x0000000733a00000|  0%| F|  |TAMS 0x0000000733800000, 0x0000000733800000| Untracked 
| 413|0x0000000733a00000, 0x0000000733a00000, 0x0000000733c00000|  0%| F|  |TAMS 0x0000000733a00000, 0x0000000733a00000| Untracked 
| 414|0x0000000733c00000, 0x0000000733c00000, 0x0000000733e00000|  0%| F|  |TAMS 0x0000000733c00000, 0x0000000733c00000| Untracked 
| 415|0x0000000733e00000, 0x0000000733e00000, 0x0000000734000000|  0%| F|  |TAMS 0x0000000733e00000, 0x0000000733e00000| Untracked 
| 416|0x0000000734000000, 0x0000000734000000, 0x0000000734200000|  0%| F|  |TAMS 0x0000000734000000, 0x0000000734000000| Untracked 
| 417|0x0000000734200000, 0x0000000734200000, 0x0000000734400000|  0%| F|  |TAMS 0x0000000734200000, 0x0000000734200000| Untracked 
| 418|0x0000000734400000, 0x0000000734400000, 0x0000000734600000|  0%| F|  |TAMS 0x0000000734400000, 0x0000000734400000| Untracked 
| 419|0x0000000734600000, 0x0000000734600000, 0x0000000734800000|  0%| F|  |TAMS 0x0000000734600000, 0x0000000734600000| Untracked 
| 420|0x0000000734800000, 0x0000000734800000, 0x0000000734a00000|  0%| F|  |TAMS 0x0000000734800000, 0x0000000734800000| Untracked 
| 421|0x0000000734a00000, 0x0000000734a00000, 0x0000000734c00000|  0%| F|  |TAMS 0x0000000734a00000, 0x0000000734a00000| Untracked 
| 422|0x0000000734c00000, 0x0000000734c00000, 0x0000000734e00000|  0%| F|  |TAMS 0x0000000734c00000, 0x0000000734c00000| Untracked 
| 423|0x0000000734e00000, 0x0000000734e00000, 0x0000000735000000|  0%| F|  |TAMS 0x0000000734e00000, 0x0000000734e00000| Untracked 
| 424|0x0000000735000000, 0x0000000735000000, 0x0000000735200000|  0%| F|  |TAMS 0x0000000735000000, 0x0000000735000000| Untracked 
| 425|0x0000000735200000, 0x0000000735200000, 0x0000000735400000|  0%| F|  |TAMS 0x0000000735200000, 0x0000000735200000| Untracked 
| 426|0x0000000735400000, 0x0000000735400000, 0x0000000735600000|  0%| F|  |TAMS 0x0000000735400000, 0x0000000735400000| Untracked 
| 427|0x0000000735600000, 0x0000000735600000, 0x0000000735800000|  0%| F|  |TAMS 0x0000000735600000, 0x0000000735600000| Untracked 
| 428|0x0000000735800000, 0x0000000735800000, 0x0000000735a00000|  0%| F|  |TAMS 0x0000000735800000, 0x0000000735800000| Untracked 
| 429|0x0000000735a00000, 0x0000000735a00000, 0x0000000735c00000|  0%| F|  |TAMS 0x0000000735a00000, 0x0000000735a00000| Untracked 
| 430|0x0000000735c00000, 0x0000000735c00000, 0x0000000735e00000|  0%| F|  |TAMS 0x0000000735c00000, 0x0000000735c00000| Untracked 
| 431|0x0000000735e00000, 0x0000000735e00000, 0x0000000736000000|  0%| F|  |TAMS 0x0000000735e00000, 0x0000000735e00000| Untracked 
| 432|0x0000000736000000, 0x0000000736000000, 0x0000000736200000|  0%| F|  |TAMS 0x0000000736000000, 0x0000000736000000| Untracked 
| 433|0x0000000736200000, 0x0000000736200000, 0x0000000736400000|  0%| F|  |TAMS 0x0000000736200000, 0x0000000736200000| Untracked 
| 434|0x0000000736400000, 0x0000000736400000, 0x0000000736600000|  0%| F|  |TAMS 0x0000000736400000, 0x0000000736400000| Untracked 
| 435|0x0000000736600000, 0x0000000736600000, 0x0000000736800000|  0%| F|  |TAMS 0x0000000736600000, 0x0000000736600000| Untracked 
| 436|0x0000000736800000, 0x0000000736800000, 0x0000000736a00000|  0%| F|  |TAMS 0x0000000736800000, 0x0000000736800000| Untracked 
| 437|0x0000000736a00000, 0x0000000736a00000, 0x0000000736c00000|  0%| F|  |TAMS 0x0000000736a00000, 0x0000000736a00000| Untracked 
| 438|0x0000000736c00000, 0x0000000736c00000, 0x0000000736e00000|  0%| F|  |TAMS 0x0000000736c00000, 0x0000000736c00000| Untracked 
| 439|0x0000000736e00000, 0x0000000736e00000, 0x0000000737000000|  0%| F|  |TAMS 0x0000000736e00000, 0x0000000736e00000| Untracked 
| 440|0x0000000737000000, 0x0000000737000000, 0x0000000737200000|  0%| F|  |TAMS 0x0000000737000000, 0x0000000737000000| Untracked 
| 441|0x0000000737200000, 0x0000000737200000, 0x0000000737400000|  0%| F|  |TAMS 0x0000000737200000, 0x0000000737200000| Untracked 
| 442|0x0000000737400000, 0x0000000737400000, 0x0000000737600000|  0%| F|  |TAMS 0x0000000737400000, 0x0000000737400000| Untracked 
| 443|0x0000000737600000, 0x0000000737600000, 0x0000000737800000|  0%| F|  |TAMS 0x0000000737600000, 0x0000000737600000| Untracked 
| 444|0x0000000737800000, 0x0000000737800000, 0x0000000737a00000|  0%| F|  |TAMS 0x0000000737800000, 0x0000000737800000| Untracked 
| 445|0x0000000737a00000, 0x0000000737a00000, 0x0000000737c00000|  0%| F|  |TAMS 0x0000000737a00000, 0x0000000737a00000| Untracked 
| 446|0x0000000737c00000, 0x0000000737c00000, 0x0000000737e00000|  0%| F|  |TAMS 0x0000000737c00000, 0x0000000737c00000| Untracked 
| 447|0x0000000737e00000, 0x0000000737f98050, 0x0000000738000000| 79%| S|CS|TAMS 0x0000000737e00000, 0x0000000737e00000| Complete 
| 448|0x0000000738000000, 0x0000000738200000, 0x0000000738200000|100%| S|CS|TAMS 0x0000000738000000, 0x0000000738000000| Complete 
| 449|0x0000000738200000, 0x0000000738400000, 0x0000000738400000|100%| S|CS|TAMS 0x0000000738200000, 0x0000000738200000| Complete 
| 450|0x0000000738400000, 0x0000000738600000, 0x0000000738600000|100%| S|CS|TAMS 0x0000000738400000, 0x0000000738400000| Complete 
| 451|0x0000000738600000, 0x0000000738800000, 0x0000000738800000|100%| S|CS|TAMS 0x0000000738600000, 0x0000000738600000| Complete 
| 452|0x0000000738800000, 0x0000000738a00000, 0x0000000738a00000|100%| S|CS|TAMS 0x0000000738800000, 0x0000000738800000| Complete 
| 453|0x0000000738a00000, 0x0000000738c00000, 0x0000000738c00000|100%| S|CS|TAMS 0x0000000738a00000, 0x0000000738a00000| Complete 
| 454|0x0000000738c00000, 0x0000000738e00000, 0x0000000738e00000|100%| S|CS|TAMS 0x0000000738c00000, 0x0000000738c00000| Complete 
| 455|0x0000000738e00000, 0x0000000739000000, 0x0000000739000000|100%| S|CS|TAMS 0x0000000738e00000, 0x0000000738e00000| Complete 
| 456|0x0000000739000000, 0x0000000739200000, 0x0000000739200000|100%| S|CS|TAMS 0x0000000739000000, 0x0000000739000000| Complete 
| 457|0x0000000739200000, 0x0000000739400000, 0x0000000739400000|100%| S|CS|TAMS 0x0000000739200000, 0x0000000739200000| Complete 
| 458|0x0000000739400000, 0x0000000739400000, 0x0000000739600000|  0%| F|  |TAMS 0x0000000739400000, 0x0000000739400000| Untracked 
| 459|0x0000000739600000, 0x0000000739600000, 0x0000000739800000|  0%| F|  |TAMS 0x0000000739600000, 0x0000000739600000| Untracked 
| 460|0x0000000739800000, 0x0000000739800000, 0x0000000739a00000|  0%| F|  |TAMS 0x0000000739800000, 0x0000000739800000| Untracked 
| 461|0x0000000739a00000, 0x0000000739a00000, 0x0000000739c00000|  0%| F|  |TAMS 0x0000000739a00000, 0x0000000739a00000| Untracked 
| 462|0x0000000739c00000, 0x0000000739c00000, 0x0000000739e00000|  0%| F|  |TAMS 0x0000000739c00000, 0x0000000739c00000| Untracked 
| 463|0x0000000739e00000, 0x0000000739e00000, 0x000000073a000000|  0%| F|  |TAMS 0x0000000739e00000, 0x0000000739e00000| Untracked 
| 464|0x000000073a000000, 0x000000073a000000, 0x000000073a200000|  0%| F|  |TAMS 0x000000073a000000, 0x000000073a000000| Untracked 
| 465|0x000000073a200000, 0x000000073a200000, 0x000000073a400000|  0%| F|  |TAMS 0x000000073a200000, 0x000000073a200000| Untracked 
| 466|0x000000073a400000, 0x000000073a400000, 0x000000073a600000|  0%| F|  |TAMS 0x000000073a400000, 0x000000073a400000| Untracked 
| 467|0x000000073a600000, 0x000000073a600000, 0x000000073a800000|  0%| F|  |TAMS 0x000000073a600000, 0x000000073a600000| Untracked 
| 468|0x000000073a800000, 0x000000073a800000, 0x000000073aa00000|  0%| F|  |TAMS 0x000000073a800000, 0x000000073a800000| Untracked 
| 469|0x000000073aa00000, 0x000000073aa00000, 0x000000073ac00000|  0%| F|  |TAMS 0x000000073aa00000, 0x000000073aa00000| Untracked 
| 470|0x000000073ac00000, 0x000000073ac00000, 0x000000073ae00000|  0%| F|  |TAMS 0x000000073ac00000, 0x000000073ac00000| Untracked 
| 471|0x000000073ae00000, 0x000000073ae00000, 0x000000073b000000|  0%| F|  |TAMS 0x000000073ae00000, 0x000000073ae00000| Untracked 
| 472|0x000000073b000000, 0x000000073b000000, 0x000000073b200000|  0%| F|  |TAMS 0x000000073b000000, 0x000000073b000000| Untracked 
| 473|0x000000073b200000, 0x000000073b200000, 0x000000073b400000|  0%| F|  |TAMS 0x000000073b200000, 0x000000073b200000| Untracked 
| 474|0x000000073b400000, 0x000000073b400000, 0x000000073b600000|  0%| F|  |TAMS 0x000000073b400000, 0x000000073b400000| Untracked 
| 475|0x000000073b600000, 0x000000073b600000, 0x000000073b800000|  0%| F|  |TAMS 0x000000073b600000, 0x000000073b600000| Untracked 
| 476|0x000000073b800000, 0x000000073b800000, 0x000000073ba00000|  0%| F|  |TAMS 0x000000073b800000, 0x000000073b800000| Untracked 
| 477|0x000000073ba00000, 0x000000073ba00000, 0x000000073bc00000|  0%| F|  |TAMS 0x000000073ba00000, 0x000000073ba00000| Untracked 
| 478|0x000000073bc00000, 0x000000073bc00000, 0x000000073be00000|  0%| F|  |TAMS 0x000000073bc00000, 0x000000073bc00000| Untracked 
| 479|0x000000073be00000, 0x000000073be00000, 0x000000073c000000|  0%| F|  |TAMS 0x000000073be00000, 0x000000073be00000| Untracked 
| 480|0x000000073c000000, 0x000000073c000000, 0x000000073c200000|  0%| F|  |TAMS 0x000000073c000000, 0x000000073c000000| Untracked 
| 481|0x000000073c200000, 0x000000073c200000, 0x000000073c400000|  0%| F|  |TAMS 0x000000073c200000, 0x000000073c200000| Untracked 
| 482|0x000000073c400000, 0x000000073c400000, 0x000000073c600000|  0%| F|  |TAMS 0x000000073c400000, 0x000000073c400000| Untracked 
| 483|0x000000073c600000, 0x000000073c600000, 0x000000073c800000|  0%| F|  |TAMS 0x000000073c600000, 0x000000073c600000| Untracked 
| 484|0x000000073c800000, 0x000000073c800000, 0x000000073ca00000|  0%| F|  |TAMS 0x000000073c800000, 0x000000073c800000| Untracked 
| 485|0x000000073ca00000, 0x000000073ca00000, 0x000000073cc00000|  0%| F|  |TAMS 0x000000073ca00000, 0x000000073ca00000| Untracked 
| 486|0x000000073cc00000, 0x000000073cc00000, 0x000000073ce00000|  0%| F|  |TAMS 0x000000073cc00000, 0x000000073cc00000| Untracked 
| 487|0x000000073ce00000, 0x000000073ce00000, 0x000000073d000000|  0%| F|  |TAMS 0x000000073ce00000, 0x000000073ce00000| Untracked 
| 488|0x000000073d000000, 0x000000073d000000, 0x000000073d200000|  0%| F|  |TAMS 0x000000073d000000, 0x000000073d000000| Untracked 
| 489|0x000000073d200000, 0x000000073d200000, 0x000000073d400000|  0%| F|  |TAMS 0x000000073d200000, 0x000000073d200000| Untracked 
| 490|0x000000073d400000, 0x000000073d400000, 0x000000073d600000|  0%| F|  |TAMS 0x000000073d400000, 0x000000073d400000| Untracked 
| 491|0x000000073d600000, 0x000000073d600000, 0x000000073d800000|  0%| F|  |TAMS 0x000000073d600000, 0x000000073d600000| Untracked 
| 492|0x000000073d800000, 0x000000073d800000, 0x000000073da00000|  0%| F|  |TAMS 0x000000073d800000, 0x000000073d800000| Untracked 
| 493|0x000000073da00000, 0x000000073da00000, 0x000000073dc00000|  0%| F|  |TAMS 0x000000073da00000, 0x000000073da00000| Untracked 
| 494|0x000000073dc00000, 0x000000073dc00000, 0x000000073de00000|  0%| F|  |TAMS 0x000000073dc00000, 0x000000073dc00000| Untracked 
| 495|0x000000073de00000, 0x000000073de00000, 0x000000073e000000|  0%| F|  |TAMS 0x000000073de00000, 0x000000073de00000| Untracked 
| 496|0x000000073e000000, 0x000000073e000000, 0x000000073e200000|  0%| F|  |TAMS 0x000000073e000000, 0x000000073e000000| Untracked 
| 497|0x000000073e200000, 0x000000073e200000, 0x000000073e400000|  0%| F|  |TAMS 0x000000073e200000, 0x000000073e200000| Untracked 
| 498|0x000000073e400000, 0x000000073e400000, 0x000000073e600000|  0%| F|  |TAMS 0x000000073e400000, 0x000000073e400000| Untracked 
| 499|0x000000073e600000, 0x000000073e600000, 0x000000073e800000|  0%| F|  |TAMS 0x000000073e600000, 0x000000073e600000| Untracked 
| 500|0x000000073e800000, 0x000000073e800000, 0x000000073ea00000|  0%| F|  |TAMS 0x000000073e800000, 0x000000073e800000| Untracked 
| 501|0x000000073ea00000, 0x000000073ea00000, 0x000000073ec00000|  0%| F|  |TAMS 0x000000073ea00000, 0x000000073ea00000| Untracked 
| 502|0x000000073ec00000, 0x000000073ec00000, 0x000000073ee00000|  0%| F|  |TAMS 0x000000073ec00000, 0x000000073ec00000| Untracked 
| 503|0x000000073ee00000, 0x000000073ee00000, 0x000000073f000000|  0%| F|  |TAMS 0x000000073ee00000, 0x000000073ee00000| Untracked 
| 504|0x000000073f000000, 0x000000073f000000, 0x000000073f200000|  0%| F|  |TAMS 0x000000073f000000, 0x000000073f000000| Untracked 
| 505|0x000000073f200000, 0x000000073f200000, 0x000000073f400000|  0%| F|  |TAMS 0x000000073f200000, 0x000000073f200000| Untracked 
| 506|0x000000073f400000, 0x000000073f400000, 0x000000073f600000|  0%| F|  |TAMS 0x000000073f400000, 0x000000073f400000| Untracked 
| 507|0x000000073f600000, 0x000000073f600000, 0x000000073f800000|  0%| F|  |TAMS 0x000000073f600000, 0x000000073f600000| Untracked 
| 508|0x000000073f800000, 0x000000073f800000, 0x000000073fa00000|  0%| F|  |TAMS 0x000000073f800000, 0x000000073f800000| Untracked 
| 509|0x000000073fa00000, 0x000000073fa00000, 0x000000073fc00000|  0%| F|  |TAMS 0x000000073fa00000, 0x000000073fa00000| Untracked 
| 510|0x000000073fc00000, 0x000000073fc00000, 0x000000073fe00000|  0%| F|  |TAMS 0x000000073fc00000, 0x000000073fc00000| Untracked 
| 511|0x000000073fe00000, 0x000000073fe00000, 0x0000000740000000|  0%| F|  |TAMS 0x000000073fe00000, 0x000000073fe00000| Untracked 
| 512|0x0000000740000000, 0x0000000740000000, 0x0000000740200000|  0%| F|  |TAMS 0x0000000740000000, 0x0000000740000000| Untracked 
| 513|0x0000000740200000, 0x0000000740200000, 0x0000000740400000|  0%| F|  |TAMS 0x0000000740200000, 0x0000000740200000| Untracked 
| 514|0x0000000740400000, 0x0000000740400000, 0x0000000740600000|  0%| F|  |TAMS 0x0000000740400000, 0x0000000740400000| Untracked 
| 515|0x0000000740600000, 0x0000000740600000, 0x0000000740800000|  0%| F|  |TAMS 0x0000000740600000, 0x0000000740600000| Untracked 
| 516|0x0000000740800000, 0x0000000740800000, 0x0000000740a00000|  0%| F|  |TAMS 0x0000000740800000, 0x0000000740800000| Untracked 
| 517|0x0000000740a00000, 0x0000000740a00000, 0x0000000740c00000|  0%| F|  |TAMS 0x0000000740a00000, 0x0000000740a00000| Untracked 
| 518|0x0000000740c00000, 0x0000000740c00000, 0x0000000740e00000|  0%| F|  |TAMS 0x0000000740c00000, 0x0000000740c00000| Untracked 
| 519|0x0000000740e00000, 0x0000000740e00000, 0x0000000741000000|  0%| F|  |TAMS 0x0000000740e00000, 0x0000000740e00000| Untracked 
| 520|0x0000000741000000, 0x0000000741000000, 0x0000000741200000|  0%| F|  |TAMS 0x0000000741000000, 0x0000000741000000| Untracked 
| 521|0x0000000741200000, 0x0000000741200000, 0x0000000741400000|  0%| F|  |TAMS 0x0000000741200000, 0x0000000741200000| Untracked 
| 522|0x0000000741400000, 0x0000000741400000, 0x0000000741600000|  0%| F|  |TAMS 0x0000000741400000, 0x0000000741400000| Untracked 
| 523|0x0000000741600000, 0x0000000741600000, 0x0000000741800000|  0%| F|  |TAMS 0x0000000741600000, 0x0000000741600000| Untracked 
| 524|0x0000000741800000, 0x0000000741800000, 0x0000000741a00000|  0%| F|  |TAMS 0x0000000741800000, 0x0000000741800000| Untracked 
| 525|0x0000000741a00000, 0x0000000741a00000, 0x0000000741c00000|  0%| F|  |TAMS 0x0000000741a00000, 0x0000000741a00000| Untracked 
| 526|0x0000000741c00000, 0x0000000741c00000, 0x0000000741e00000|  0%| F|  |TAMS 0x0000000741c00000, 0x0000000741c00000| Untracked 
| 527|0x0000000741e00000, 0x0000000741e00000, 0x0000000742000000|  0%| F|  |TAMS 0x0000000741e00000, 0x0000000741e00000| Untracked 
| 528|0x0000000742000000, 0x0000000742000000, 0x0000000742200000|  0%| F|  |TAMS 0x0000000742000000, 0x0000000742000000| Untracked 
| 529|0x0000000742200000, 0x0000000742200000, 0x0000000742400000|  0%| F|  |TAMS 0x0000000742200000, 0x0000000742200000| Untracked 
| 530|0x0000000742400000, 0x0000000742400000, 0x0000000742600000|  0%| F|  |TAMS 0x0000000742400000, 0x0000000742400000| Untracked 
| 531|0x0000000742600000, 0x0000000742600000, 0x0000000742800000|  0%| F|  |TAMS 0x0000000742600000, 0x0000000742600000| Untracked 
| 532|0x0000000742800000, 0x0000000742800000, 0x0000000742a00000|  0%| F|  |TAMS 0x0000000742800000, 0x0000000742800000| Untracked 
| 533|0x0000000742a00000, 0x0000000742a00000, 0x0000000742c00000|  0%| F|  |TAMS 0x0000000742a00000, 0x0000000742a00000| Untracked 
| 534|0x0000000742c00000, 0x0000000742c00000, 0x0000000742e00000|  0%| F|  |TAMS 0x0000000742c00000, 0x0000000742c00000| Untracked 
| 535|0x0000000742e00000, 0x0000000742e00000, 0x0000000743000000|  0%| F|  |TAMS 0x0000000742e00000, 0x0000000742e00000| Untracked 
| 536|0x0000000743000000, 0x0000000743000000, 0x0000000743200000|  0%| F|  |TAMS 0x0000000743000000, 0x0000000743000000| Untracked 
| 537|0x0000000743200000, 0x0000000743200000, 0x0000000743400000|  0%| F|  |TAMS 0x0000000743200000, 0x0000000743200000| Untracked 
| 538|0x0000000743400000, 0x0000000743400000, 0x0000000743600000|  0%| F|  |TAMS 0x0000000743400000, 0x0000000743400000| Untracked 
| 539|0x0000000743600000, 0x0000000743600000, 0x0000000743800000|  0%| F|  |TAMS 0x0000000743600000, 0x0000000743600000| Untracked 
| 540|0x0000000743800000, 0x0000000743800000, 0x0000000743a00000|  0%| F|  |TAMS 0x0000000743800000, 0x0000000743800000| Untracked 
| 541|0x0000000743a00000, 0x0000000743a00000, 0x0000000743c00000|  0%| F|  |TAMS 0x0000000743a00000, 0x0000000743a00000| Untracked 
| 542|0x0000000743c00000, 0x0000000743c00000, 0x0000000743e00000|  0%| F|  |TAMS 0x0000000743c00000, 0x0000000743c00000| Untracked 
| 543|0x0000000743e00000, 0x0000000743e00000, 0x0000000744000000|  0%| F|  |TAMS 0x0000000743e00000, 0x0000000743e00000| Untracked 
| 544|0x0000000744000000, 0x0000000744000000, 0x0000000744200000|  0%| F|  |TAMS 0x0000000744000000, 0x0000000744000000| Untracked 
| 545|0x0000000744200000, 0x0000000744200000, 0x0000000744400000|  0%| F|  |TAMS 0x0000000744200000, 0x0000000744200000| Untracked 
| 546|0x0000000744400000, 0x0000000744400000, 0x0000000744600000|  0%| F|  |TAMS 0x0000000744400000, 0x0000000744400000| Untracked 
| 547|0x0000000744600000, 0x0000000744600000, 0x0000000744800000|  0%| F|  |TAMS 0x0000000744600000, 0x0000000744600000| Untracked 
| 548|0x0000000744800000, 0x0000000744800000, 0x0000000744a00000|  0%| F|  |TAMS 0x0000000744800000, 0x0000000744800000| Untracked 
| 549|0x0000000744a00000, 0x0000000744a00000, 0x0000000744c00000|  0%| F|  |TAMS 0x0000000744a00000, 0x0000000744a00000| Untracked 
| 550|0x0000000744c00000, 0x0000000744c00000, 0x0000000744e00000|  0%| F|  |TAMS 0x0000000744c00000, 0x0000000744c00000| Untracked 
| 551|0x0000000744e00000, 0x0000000744e00000, 0x0000000745000000|  0%| F|  |TAMS 0x0000000744e00000, 0x0000000744e00000| Untracked 
| 552|0x0000000745000000, 0x0000000745000000, 0x0000000745200000|  0%| F|  |TAMS 0x0000000745000000, 0x0000000745000000| Untracked 
| 553|0x0000000745200000, 0x0000000745200000, 0x0000000745400000|  0%| F|  |TAMS 0x0000000745200000, 0x0000000745200000| Untracked 
| 554|0x0000000745400000, 0x0000000745400000, 0x0000000745600000|  0%| F|  |TAMS 0x0000000745400000, 0x0000000745400000| Untracked 
| 555|0x0000000745600000, 0x0000000745600000, 0x0000000745800000|  0%| F|  |TAMS 0x0000000745600000, 0x0000000745600000| Untracked 
| 556|0x0000000745800000, 0x0000000745800000, 0x0000000745a00000|  0%| F|  |TAMS 0x0000000745800000, 0x0000000745800000| Untracked 
| 557|0x0000000745a00000, 0x0000000745a00000, 0x0000000745c00000|  0%| F|  |TAMS 0x0000000745a00000, 0x0000000745a00000| Untracked 
| 558|0x0000000745c00000, 0x0000000745c00000, 0x0000000745e00000|  0%| F|  |TAMS 0x0000000745c00000, 0x0000000745c00000| Untracked 
| 559|0x0000000745e00000, 0x0000000745e00000, 0x0000000746000000|  0%| F|  |TAMS 0x0000000745e00000, 0x0000000745e00000| Untracked 
| 560|0x0000000746000000, 0x0000000746000000, 0x0000000746200000|  0%| F|  |TAMS 0x0000000746000000, 0x0000000746000000| Untracked 
| 561|0x0000000746200000, 0x0000000746200000, 0x0000000746400000|  0%| F|  |TAMS 0x0000000746200000, 0x0000000746200000| Untracked 
| 562|0x0000000746400000, 0x0000000746400000, 0x0000000746600000|  0%| F|  |TAMS 0x0000000746400000, 0x0000000746400000| Untracked 
| 563|0x0000000746600000, 0x0000000746600000, 0x0000000746800000|  0%| F|  |TAMS 0x0000000746600000, 0x0000000746600000| Untracked 
| 564|0x0000000746800000, 0x0000000746800000, 0x0000000746a00000|  0%| F|  |TAMS 0x0000000746800000, 0x0000000746800000| Untracked 
| 565|0x0000000746a00000, 0x0000000746a00000, 0x0000000746c00000|  0%| F|  |TAMS 0x0000000746a00000, 0x0000000746a00000| Untracked 
| 566|0x0000000746c00000, 0x0000000746c00000, 0x0000000746e00000|  0%| F|  |TAMS 0x0000000746c00000, 0x0000000746c00000| Untracked 
| 567|0x0000000746e00000, 0x0000000746e00000, 0x0000000747000000|  0%| F|  |TAMS 0x0000000746e00000, 0x0000000746e00000| Untracked 
| 568|0x0000000747000000, 0x0000000747000000, 0x0000000747200000|  0%| F|  |TAMS 0x0000000747000000, 0x0000000747000000| Untracked 
| 569|0x0000000747200000, 0x0000000747200000, 0x0000000747400000|  0%| F|  |TAMS 0x0000000747200000, 0x0000000747200000| Untracked 
| 570|0x0000000747400000, 0x0000000747400000, 0x0000000747600000|  0%| F|  |TAMS 0x0000000747400000, 0x0000000747400000| Untracked 
| 571|0x0000000747600000, 0x0000000747600000, 0x0000000747800000|  0%| F|  |TAMS 0x0000000747600000, 0x0000000747600000| Untracked 
| 572|0x0000000747800000, 0x0000000747800000, 0x0000000747a00000|  0%| F|  |TAMS 0x0000000747800000, 0x0000000747800000| Untracked 
| 573|0x0000000747a00000, 0x0000000747a00000, 0x0000000747c00000|  0%| F|  |TAMS 0x0000000747a00000, 0x0000000747a00000| Untracked 
| 574|0x0000000747c00000, 0x0000000747c00000, 0x0000000747e00000|  0%| F|  |TAMS 0x0000000747c00000, 0x0000000747c00000| Untracked 
| 575|0x0000000747e00000, 0x0000000747e00000, 0x0000000748000000|  0%| F|  |TAMS 0x0000000747e00000, 0x0000000747e00000| Untracked 
| 576|0x0000000748000000, 0x0000000748000000, 0x0000000748200000|  0%| F|  |TAMS 0x0000000748000000, 0x0000000748000000| Untracked 
| 577|0x0000000748200000, 0x0000000748200000, 0x0000000748400000|  0%| F|  |TAMS 0x0000000748200000, 0x0000000748200000| Untracked 
| 578|0x0000000748400000, 0x0000000748400000, 0x0000000748600000|  0%| F|  |TAMS 0x0000000748400000, 0x0000000748400000| Untracked 
| 579|0x0000000748600000, 0x0000000748600000, 0x0000000748800000|  0%| F|  |TAMS 0x0000000748600000, 0x0000000748600000| Untracked 
| 580|0x0000000748800000, 0x0000000748800000, 0x0000000748a00000|  0%| F|  |TAMS 0x0000000748800000, 0x0000000748800000| Untracked 
| 581|0x0000000748a00000, 0x0000000748a00000, 0x0000000748c00000|  0%| F|  |TAMS 0x0000000748a00000, 0x0000000748a00000| Untracked 
| 582|0x0000000748c00000, 0x0000000748c00000, 0x0000000748e00000|  0%| F|  |TAMS 0x0000000748c00000, 0x0000000748c00000| Untracked 
| 583|0x0000000748e00000, 0x0000000748e00000, 0x0000000749000000|  0%| F|  |TAMS 0x0000000748e00000, 0x0000000748e00000| Untracked 
| 584|0x0000000749000000, 0x0000000749000000, 0x0000000749200000|  0%| F|  |TAMS 0x0000000749000000, 0x0000000749000000| Untracked 
| 585|0x0000000749200000, 0x0000000749200000, 0x0000000749400000|  0%| F|  |TAMS 0x0000000749200000, 0x0000000749200000| Untracked 
| 586|0x0000000749400000, 0x0000000749400000, 0x0000000749600000|  0%| F|  |TAMS 0x0000000749400000, 0x0000000749400000| Untracked 
| 587|0x0000000749600000, 0x0000000749600000, 0x0000000749800000|  0%| F|  |TAMS 0x0000000749600000, 0x0000000749600000| Untracked 
| 588|0x0000000749800000, 0x0000000749800000, 0x0000000749a00000|  0%| F|  |TAMS 0x0000000749800000, 0x0000000749800000| Untracked 
| 589|0x0000000749a00000, 0x0000000749a00000, 0x0000000749c00000|  0%| F|  |TAMS 0x0000000749a00000, 0x0000000749a00000| Untracked 
| 590|0x0000000749c00000, 0x0000000749c00000, 0x0000000749e00000|  0%| F|  |TAMS 0x0000000749c00000, 0x0000000749c00000| Untracked 
| 591|0x0000000749e00000, 0x0000000749e00000, 0x000000074a000000|  0%| F|  |TAMS 0x0000000749e00000, 0x0000000749e00000| Untracked 
| 592|0x000000074a000000, 0x000000074a000000, 0x000000074a200000|  0%| F|  |TAMS 0x000000074a000000, 0x000000074a000000| Untracked 
| 593|0x000000074a200000, 0x000000074a200000, 0x000000074a400000|  0%| F|  |TAMS 0x000000074a200000, 0x000000074a200000| Untracked 
| 594|0x000000074a400000, 0x000000074a400000, 0x000000074a600000|  0%| F|  |TAMS 0x000000074a400000, 0x000000074a400000| Untracked 
| 595|0x000000074a600000, 0x000000074a600000, 0x000000074a800000|  0%| F|  |TAMS 0x000000074a600000, 0x000000074a600000| Untracked 
| 596|0x000000074a800000, 0x000000074a800000, 0x000000074aa00000|  0%| F|  |TAMS 0x000000074a800000, 0x000000074a800000| Untracked 
| 597|0x000000074aa00000, 0x000000074aa00000, 0x000000074ac00000|  0%| F|  |TAMS 0x000000074aa00000, 0x000000074aa00000| Untracked 
| 598|0x000000074ac00000, 0x000000074ac00000, 0x000000074ae00000|  0%| F|  |TAMS 0x000000074ac00000, 0x000000074ac00000| Untracked 
| 599|0x000000074ae00000, 0x000000074ae00000, 0x000000074b000000|  0%| F|  |TAMS 0x000000074ae00000, 0x000000074ae00000| Untracked 
| 600|0x000000074b000000, 0x000000074b000000, 0x000000074b200000|  0%| F|  |TAMS 0x000000074b000000, 0x000000074b000000| Untracked 
| 601|0x000000074b200000, 0x000000074b200000, 0x000000074b400000|  0%| F|  |TAMS 0x000000074b200000, 0x000000074b200000| Untracked 
| 602|0x000000074b400000, 0x000000074b400000, 0x000000074b600000|  0%| F|  |TAMS 0x000000074b400000, 0x000000074b400000| Untracked 
| 603|0x000000074b600000, 0x000000074b600000, 0x000000074b800000|  0%| F|  |TAMS 0x000000074b600000, 0x000000074b600000| Untracked 
| 604|0x000000074b800000, 0x000000074b800000, 0x000000074ba00000|  0%| F|  |TAMS 0x000000074b800000, 0x000000074b800000| Untracked 
| 605|0x000000074ba00000, 0x000000074ba00000, 0x000000074bc00000|  0%| F|  |TAMS 0x000000074ba00000, 0x000000074ba00000| Untracked 
| 606|0x000000074bc00000, 0x000000074bc00000, 0x000000074be00000|  0%| F|  |TAMS 0x000000074bc00000, 0x000000074bc00000| Untracked 
| 607|0x000000074be00000, 0x000000074be00000, 0x000000074c000000|  0%| F|  |TAMS 0x000000074be00000, 0x000000074be00000| Untracked 
| 608|0x000000074c000000, 0x000000074c000000, 0x000000074c200000|  0%| F|  |TAMS 0x000000074c000000, 0x000000074c000000| Untracked 
| 609|0x000000074c200000, 0x000000074c200000, 0x000000074c400000|  0%| F|  |TAMS 0x000000074c200000, 0x000000074c200000| Untracked 
| 610|0x000000074c400000, 0x000000074c400000, 0x000000074c600000|  0%| F|  |TAMS 0x000000074c400000, 0x000000074c400000| Untracked 
| 611|0x000000074c600000, 0x000000074c600000, 0x000000074c800000|  0%| F|  |TAMS 0x000000074c600000, 0x000000074c600000| Untracked 
| 612|0x000000074c800000, 0x000000074c800000, 0x000000074ca00000|  0%| F|  |TAMS 0x000000074c800000, 0x000000074c800000| Untracked 
| 613|0x000000074ca00000, 0x000000074ca00000, 0x000000074cc00000|  0%| F|  |TAMS 0x000000074ca00000, 0x000000074ca00000| Untracked 
| 614|0x000000074cc00000, 0x000000074cc00000, 0x000000074ce00000|  0%| F|  |TAMS 0x000000074cc00000, 0x000000074cc00000| Untracked 
| 615|0x000000074ce00000, 0x000000074ce00000, 0x000000074d000000|  0%| F|  |TAMS 0x000000074ce00000, 0x000000074ce00000| Untracked 
| 616|0x000000074d000000, 0x000000074d000000, 0x000000074d200000|  0%| F|  |TAMS 0x000000074d000000, 0x000000074d000000| Untracked 
| 617|0x000000074d200000, 0x000000074d200000, 0x000000074d400000|  0%| F|  |TAMS 0x000000074d200000, 0x000000074d200000| Untracked 
| 618|0x000000074d400000, 0x000000074d400000, 0x000000074d600000|  0%| F|  |TAMS 0x000000074d400000, 0x000000074d400000| Untracked 
| 619|0x000000074d600000, 0x000000074d600000, 0x000000074d800000|  0%| F|  |TAMS 0x000000074d600000, 0x000000074d600000| Untracked 
| 620|0x000000074d800000, 0x000000074d800000, 0x000000074da00000|  0%| F|  |TAMS 0x000000074d800000, 0x000000074d800000| Untracked 
| 621|0x000000074da00000, 0x000000074da00000, 0x000000074dc00000|  0%| F|  |TAMS 0x000000074da00000, 0x000000074da00000| Untracked 
| 622|0x000000074dc00000, 0x000000074dc00000, 0x000000074de00000|  0%| F|  |TAMS 0x000000074dc00000, 0x000000074dc00000| Untracked 
| 623|0x000000074de00000, 0x000000074de00000, 0x000000074e000000|  0%| F|  |TAMS 0x000000074de00000, 0x000000074de00000| Untracked 
| 624|0x000000074e000000, 0x000000074e000000, 0x000000074e200000|  0%| F|  |TAMS 0x000000074e000000, 0x000000074e000000| Untracked 
| 625|0x000000074e200000, 0x000000074e200000, 0x000000074e400000|  0%| F|  |TAMS 0x000000074e200000, 0x000000074e200000| Untracked 
| 626|0x000000074e400000, 0x000000074e400000, 0x000000074e600000|  0%| F|  |TAMS 0x000000074e400000, 0x000000074e400000| Untracked 
| 627|0x000000074e600000, 0x000000074e600000, 0x000000074e800000|  0%| F|  |TAMS 0x000000074e600000, 0x000000074e600000| Untracked 
| 628|0x000000074e800000, 0x000000074e800000, 0x000000074ea00000|  0%| F|  |TAMS 0x000000074e800000, 0x000000074e800000| Untracked 
| 629|0x000000074ea00000, 0x000000074ea00000, 0x000000074ec00000|  0%| F|  |TAMS 0x000000074ea00000, 0x000000074ea00000| Untracked 
| 630|0x000000074ec00000, 0x000000074ec00000, 0x000000074ee00000|  0%| F|  |TAMS 0x000000074ec00000, 0x000000074ec00000| Untracked 
| 631|0x000000074ee00000, 0x000000074ee00000, 0x000000074f000000|  0%| F|  |TAMS 0x000000074ee00000, 0x000000074ee00000| Untracked 
| 632|0x000000074f000000, 0x000000074f000000, 0x000000074f200000|  0%| F|  |TAMS 0x000000074f000000, 0x000000074f000000| Untracked 
| 633|0x000000074f200000, 0x000000074f200000, 0x000000074f400000|  0%| F|  |TAMS 0x000000074f200000, 0x000000074f200000| Untracked 
| 634|0x000000074f400000, 0x000000074f400000, 0x000000074f600000|  0%| F|  |TAMS 0x000000074f400000, 0x000000074f400000| Untracked 
| 635|0x000000074f600000, 0x000000074f600000, 0x000000074f800000|  0%| F|  |TAMS 0x000000074f600000, 0x000000074f600000| Untracked 
| 636|0x000000074f800000, 0x000000074f800000, 0x000000074fa00000|  0%| F|  |TAMS 0x000000074f800000, 0x000000074f800000| Untracked 
| 637|0x000000074fa00000, 0x000000074fa00000, 0x000000074fc00000|  0%| F|  |TAMS 0x000000074fa00000, 0x000000074fa00000| Untracked 
| 638|0x000000074fc00000, 0x000000074fc00000, 0x000000074fe00000|  0%| F|  |TAMS 0x000000074fc00000, 0x000000074fc00000| Untracked 
| 639|0x000000074fe00000, 0x000000074fe00000, 0x0000000750000000|  0%| F|  |TAMS 0x000000074fe00000, 0x000000074fe00000| Untracked 
| 640|0x0000000750000000, 0x0000000750000000, 0x0000000750200000|  0%| F|  |TAMS 0x0000000750000000, 0x0000000750000000| Untracked 
| 641|0x0000000750200000, 0x0000000750200000, 0x0000000750400000|  0%| F|  |TAMS 0x0000000750200000, 0x0000000750200000| Untracked 
| 642|0x0000000750400000, 0x0000000750400000, 0x0000000750600000|  0%| F|  |TAMS 0x0000000750400000, 0x0000000750400000| Untracked 
| 643|0x0000000750600000, 0x0000000750600000, 0x0000000750800000|  0%| F|  |TAMS 0x0000000750600000, 0x0000000750600000| Untracked 
| 644|0x0000000750800000, 0x0000000750800000, 0x0000000750a00000|  0%| F|  |TAMS 0x0000000750800000, 0x0000000750800000| Untracked 
| 645|0x0000000750a00000, 0x0000000750a00000, 0x0000000750c00000|  0%| F|  |TAMS 0x0000000750a00000, 0x0000000750a00000| Untracked 
| 646|0x0000000750c00000, 0x0000000750c00000, 0x0000000750e00000|  0%| F|  |TAMS 0x0000000750c00000, 0x0000000750c00000| Untracked 
| 647|0x0000000750e00000, 0x0000000750e00000, 0x0000000751000000|  0%| F|  |TAMS 0x0000000750e00000, 0x0000000750e00000| Untracked 
| 648|0x0000000751000000, 0x0000000751000000, 0x0000000751200000|  0%| F|  |TAMS 0x0000000751000000, 0x0000000751000000| Untracked 
| 649|0x0000000751200000, 0x0000000751200000, 0x0000000751400000|  0%| F|  |TAMS 0x0000000751200000, 0x0000000751200000| Untracked 
| 650|0x0000000751400000, 0x0000000751400000, 0x0000000751600000|  0%| F|  |TAMS 0x0000000751400000, 0x0000000751400000| Untracked 
| 651|0x0000000751600000, 0x0000000751600000, 0x0000000751800000|  0%| F|  |TAMS 0x0000000751600000, 0x0000000751600000| Untracked 
| 652|0x0000000751800000, 0x0000000751800000, 0x0000000751a00000|  0%| F|  |TAMS 0x0000000751800000, 0x0000000751800000| Untracked 
| 653|0x0000000751a00000, 0x0000000751a00000, 0x0000000751c00000|  0%| F|  |TAMS 0x0000000751a00000, 0x0000000751a00000| Untracked 
| 654|0x0000000751c00000, 0x0000000751c00000, 0x0000000751e00000|  0%| F|  |TAMS 0x0000000751c00000, 0x0000000751c00000| Untracked 
| 655|0x0000000751e00000, 0x0000000751e00000, 0x0000000752000000|  0%| F|  |TAMS 0x0000000751e00000, 0x0000000751e00000| Untracked 
| 656|0x0000000752000000, 0x0000000752000000, 0x0000000752200000|  0%| F|  |TAMS 0x0000000752000000, 0x0000000752000000| Untracked 
| 657|0x0000000752200000, 0x0000000752200000, 0x0000000752400000|  0%| F|  |TAMS 0x0000000752200000, 0x0000000752200000| Untracked 
| 658|0x0000000752400000, 0x0000000752400000, 0x0000000752600000|  0%| F|  |TAMS 0x0000000752400000, 0x0000000752400000| Untracked 
| 659|0x0000000752600000, 0x0000000752600000, 0x0000000752800000|  0%| F|  |TAMS 0x0000000752600000, 0x0000000752600000| Untracked 
| 660|0x0000000752800000, 0x0000000752800000, 0x0000000752a00000|  0%| F|  |TAMS 0x0000000752800000, 0x0000000752800000| Untracked 
| 661|0x0000000752a00000, 0x0000000752a00000, 0x0000000752c00000|  0%| F|  |TAMS 0x0000000752a00000, 0x0000000752a00000| Untracked 
| 662|0x0000000752c00000, 0x0000000752c00000, 0x0000000752e00000|  0%| F|  |TAMS 0x0000000752c00000, 0x0000000752c00000| Untracked 
| 663|0x0000000752e00000, 0x0000000752e00000, 0x0000000753000000|  0%| F|  |TAMS 0x0000000752e00000, 0x0000000752e00000| Untracked 
| 664|0x0000000753000000, 0x0000000753000000, 0x0000000753200000|  0%| F|  |TAMS 0x0000000753000000, 0x0000000753000000| Untracked 
| 665|0x0000000753200000, 0x0000000753200000, 0x0000000753400000|  0%| F|  |TAMS 0x0000000753200000, 0x0000000753200000| Untracked 
| 666|0x0000000753400000, 0x0000000753400000, 0x0000000753600000|  0%| F|  |TAMS 0x0000000753400000, 0x0000000753400000| Untracked 
| 667|0x0000000753600000, 0x0000000753600000, 0x0000000753800000|  0%| F|  |TAMS 0x0000000753600000, 0x0000000753600000| Untracked 
| 668|0x0000000753800000, 0x0000000753800000, 0x0000000753a00000|  0%| F|  |TAMS 0x0000000753800000, 0x0000000753800000| Untracked 
| 669|0x0000000753a00000, 0x0000000753a00000, 0x0000000753c00000|  0%| F|  |TAMS 0x0000000753a00000, 0x0000000753a00000| Untracked 
| 670|0x0000000753c00000, 0x0000000753c00000, 0x0000000753e00000|  0%| F|  |TAMS 0x0000000753c00000, 0x0000000753c00000| Untracked 
| 671|0x0000000753e00000, 0x0000000753e00000, 0x0000000754000000|  0%| F|  |TAMS 0x0000000753e00000, 0x0000000753e00000| Untracked 
| 672|0x0000000754000000, 0x0000000754000000, 0x0000000754200000|  0%| F|  |TAMS 0x0000000754000000, 0x0000000754000000| Untracked 
| 673|0x0000000754200000, 0x0000000754200000, 0x0000000754400000|  0%| F|  |TAMS 0x0000000754200000, 0x0000000754200000| Untracked 
| 674|0x0000000754400000, 0x0000000754400000, 0x0000000754600000|  0%| F|  |TAMS 0x0000000754400000, 0x0000000754400000| Untracked 
| 675|0x0000000754600000, 0x0000000754600000, 0x0000000754800000|  0%| F|  |TAMS 0x0000000754600000, 0x0000000754600000| Untracked 
| 676|0x0000000754800000, 0x0000000754800000, 0x0000000754a00000|  0%| F|  |TAMS 0x0000000754800000, 0x0000000754800000| Untracked 
| 677|0x0000000754a00000, 0x0000000754a00000, 0x0000000754c00000|  0%| F|  |TAMS 0x0000000754a00000, 0x0000000754a00000| Untracked 
| 678|0x0000000754c00000, 0x0000000754c00000, 0x0000000754e00000|  0%| F|  |TAMS 0x0000000754c00000, 0x0000000754c00000| Untracked 
| 679|0x0000000754e00000, 0x0000000754e00000, 0x0000000755000000|  0%| F|  |TAMS 0x0000000754e00000, 0x0000000754e00000| Untracked 
| 680|0x0000000755000000, 0x0000000755000000, 0x0000000755200000|  0%| F|  |TAMS 0x0000000755000000, 0x0000000755000000| Untracked 
| 681|0x0000000755200000, 0x0000000755200000, 0x0000000755400000|  0%| F|  |TAMS 0x0000000755200000, 0x0000000755200000| Untracked 
| 682|0x0000000755400000, 0x0000000755400000, 0x0000000755600000|  0%| F|  |TAMS 0x0000000755400000, 0x0000000755400000| Untracked 
| 683|0x0000000755600000, 0x0000000755600000, 0x0000000755800000|  0%| F|  |TAMS 0x0000000755600000, 0x0000000755600000| Untracked 
| 684|0x0000000755800000, 0x0000000755800000, 0x0000000755a00000|  0%| F|  |TAMS 0x0000000755800000, 0x0000000755800000| Untracked 
| 685|0x0000000755a00000, 0x0000000755a00000, 0x0000000755c00000|  0%| F|  |TAMS 0x0000000755a00000, 0x0000000755a00000| Untracked 
| 686|0x0000000755c00000, 0x0000000755c00000, 0x0000000755e00000|  0%| F|  |TAMS 0x0000000755c00000, 0x0000000755c00000| Untracked 
| 687|0x0000000755e00000, 0x0000000755e00000, 0x0000000756000000|  0%| F|  |TAMS 0x0000000755e00000, 0x0000000755e00000| Untracked 
| 688|0x0000000756000000, 0x0000000756000000, 0x0000000756200000|  0%| F|  |TAMS 0x0000000756000000, 0x0000000756000000| Untracked 
| 689|0x0000000756200000, 0x0000000756200000, 0x0000000756400000|  0%| F|  |TAMS 0x0000000756200000, 0x0000000756200000| Untracked 
| 690|0x0000000756400000, 0x0000000756400000, 0x0000000756600000|  0%| F|  |TAMS 0x0000000756400000, 0x0000000756400000| Untracked 
| 691|0x0000000756600000, 0x0000000756600000, 0x0000000756800000|  0%| F|  |TAMS 0x0000000756600000, 0x0000000756600000| Untracked 
| 692|0x0000000756800000, 0x0000000756800000, 0x0000000756a00000|  0%| F|  |TAMS 0x0000000756800000, 0x0000000756800000| Untracked 
| 693|0x0000000756a00000, 0x0000000756a00000, 0x0000000756c00000|  0%| F|  |TAMS 0x0000000756a00000, 0x0000000756a00000| Untracked 
| 694|0x0000000756c00000, 0x0000000756c00000, 0x0000000756e00000|  0%| F|  |TAMS 0x0000000756c00000, 0x0000000756c00000| Untracked 
| 695|0x0000000756e00000, 0x0000000756e00000, 0x0000000757000000|  0%| F|  |TAMS 0x0000000756e00000, 0x0000000756e00000| Untracked 
| 696|0x0000000757000000, 0x0000000757000000, 0x0000000757200000|  0%| F|  |TAMS 0x0000000757000000, 0x0000000757000000| Untracked 
| 697|0x0000000757200000, 0x0000000757200000, 0x0000000757400000|  0%| F|  |TAMS 0x0000000757200000, 0x0000000757200000| Untracked 
| 698|0x0000000757400000, 0x0000000757400000, 0x0000000757600000|  0%| F|  |TAMS 0x0000000757400000, 0x0000000757400000| Untracked 
| 699|0x0000000757600000, 0x0000000757600000, 0x0000000757800000|  0%| F|  |TAMS 0x0000000757600000, 0x0000000757600000| Untracked 
| 700|0x0000000757800000, 0x0000000757800000, 0x0000000757a00000|  0%| F|  |TAMS 0x0000000757800000, 0x0000000757800000| Untracked 
| 701|0x0000000757a00000, 0x0000000757a00000, 0x0000000757c00000|  0%| F|  |TAMS 0x0000000757a00000, 0x0000000757a00000| Untracked 
| 702|0x0000000757c00000, 0x0000000757c00000, 0x0000000757e00000|  0%| F|  |TAMS 0x0000000757c00000, 0x0000000757c00000| Untracked 
| 703|0x0000000757e00000, 0x0000000757e00000, 0x0000000758000000|  0%| F|  |TAMS 0x0000000757e00000, 0x0000000757e00000| Untracked 
| 704|0x0000000758000000, 0x0000000758000000, 0x0000000758200000|  0%| F|  |TAMS 0x0000000758000000, 0x0000000758000000| Untracked 
| 705|0x0000000758200000, 0x0000000758200000, 0x0000000758400000|  0%| F|  |TAMS 0x0000000758200000, 0x0000000758200000| Untracked 
| 706|0x0000000758400000, 0x0000000758400000, 0x0000000758600000|  0%| F|  |TAMS 0x0000000758400000, 0x0000000758400000| Untracked 
| 707|0x0000000758600000, 0x0000000758600000, 0x0000000758800000|  0%| F|  |TAMS 0x0000000758600000, 0x0000000758600000| Untracked 
| 708|0x0000000758800000, 0x0000000758800000, 0x0000000758a00000|  0%| F|  |TAMS 0x0000000758800000, 0x0000000758800000| Untracked 
| 709|0x0000000758a00000, 0x0000000758a00000, 0x0000000758c00000|  0%| F|  |TAMS 0x0000000758a00000, 0x0000000758a00000| Untracked 
| 710|0x0000000758c00000, 0x0000000758c00000, 0x0000000758e00000|  0%| F|  |TAMS 0x0000000758c00000, 0x0000000758c00000| Untracked 
| 711|0x0000000758e00000, 0x0000000758e00000, 0x0000000759000000|  0%| F|  |TAMS 0x0000000758e00000, 0x0000000758e00000| Untracked 
| 712|0x0000000759000000, 0x0000000759000000, 0x0000000759200000|  0%| F|  |TAMS 0x0000000759000000, 0x0000000759000000| Untracked 
| 713|0x0000000759200000, 0x0000000759200000, 0x0000000759400000|  0%| F|  |TAMS 0x0000000759200000, 0x0000000759200000| Untracked 
| 714|0x0000000759400000, 0x0000000759400000, 0x0000000759600000|  0%| F|  |TAMS 0x0000000759400000, 0x0000000759400000| Untracked 
| 715|0x0000000759600000, 0x0000000759600000, 0x0000000759800000|  0%| F|  |TAMS 0x0000000759600000, 0x0000000759600000| Untracked 
| 716|0x0000000759800000, 0x0000000759902c70, 0x0000000759a00000| 50%| E|  |TAMS 0x0000000759800000, 0x0000000759800000| Complete 
| 717|0x0000000759a00000, 0x0000000759c00000, 0x0000000759c00000|100%| E|CS|TAMS 0x0000000759a00000, 0x0000000759a00000| Complete 
| 718|0x0000000759c00000, 0x0000000759e00000, 0x0000000759e00000|100%| E|CS|TAMS 0x0000000759c00000, 0x0000000759c00000| Complete 
| 719|0x0000000759e00000, 0x000000075a000000, 0x000000075a000000|100%| E|CS|TAMS 0x0000000759e00000, 0x0000000759e00000| Complete 
| 720|0x000000075a000000, 0x000000075a200000, 0x000000075a200000|100%| E|CS|TAMS 0x000000075a000000, 0x000000075a000000| Complete 
| 721|0x000000075a200000, 0x000000075a400000, 0x000000075a400000|100%| E|CS|TAMS 0x000000075a200000, 0x000000075a200000| Complete 
| 722|0x000000075a400000, 0x000000075a600000, 0x000000075a600000|100%| E|CS|TAMS 0x000000075a400000, 0x000000075a400000| Complete 
| 723|0x000000075a600000, 0x000000075a800000, 0x000000075a800000|100%| E|CS|TAMS 0x000000075a600000, 0x000000075a600000| Complete 
| 724|0x000000075a800000, 0x000000075aa00000, 0x000000075aa00000|100%| E|CS|TAMS 0x000000075a800000, 0x000000075a800000| Complete 
| 725|0x000000075aa00000, 0x000000075ac00000, 0x000000075ac00000|100%| E|CS|TAMS 0x000000075aa00000, 0x000000075aa00000| Complete 
| 726|0x000000075ac00000, 0x000000075ae00000, 0x000000075ae00000|100%| E|CS|TAMS 0x000000075ac00000, 0x000000075ac00000| Complete 
| 727|0x000000075ae00000, 0x000000075b000000, 0x000000075b000000|100%| E|CS|TAMS 0x000000075ae00000, 0x000000075ae00000| Complete 
| 728|0x000000075b000000, 0x000000075b200000, 0x000000075b200000|100%| E|CS|TAMS 0x000000075b000000, 0x000000075b000000| Complete 
| 729|0x000000075b200000, 0x000000075b400000, 0x000000075b400000|100%| E|CS|TAMS 0x000000075b200000, 0x000000075b200000| Complete 
| 730|0x000000075b400000, 0x000000075b600000, 0x000000075b600000|100%| E|  |TAMS 0x000000075b400000, 0x000000075b400000| Complete 
| 731|0x000000075b600000, 0x000000075b800000, 0x000000075b800000|100%| E|CS|TAMS 0x000000075b600000, 0x000000075b600000| Complete 
| 732|0x000000075b800000, 0x000000075ba00000, 0x000000075ba00000|100%| E|CS|TAMS 0x000000075b800000, 0x000000075b800000| Complete 
| 733|0x000000075ba00000, 0x000000075bc00000, 0x000000075bc00000|100%| E|CS|TAMS 0x000000075ba00000, 0x000000075ba00000| Complete 
| 734|0x000000075bc00000, 0x000000075be00000, 0x000000075be00000|100%| E|CS|TAMS 0x000000075bc00000, 0x000000075bc00000| Complete 
| 735|0x000000075be00000, 0x000000075c000000, 0x000000075c000000|100%| E|CS|TAMS 0x000000075be00000, 0x000000075be00000| Complete 
| 736|0x000000075c000000, 0x000000075c200000, 0x000000075c200000|100%| E|CS|TAMS 0x000000075c000000, 0x000000075c000000| Complete 
| 737|0x000000075c200000, 0x000000075c400000, 0x000000075c400000|100%| E|CS|TAMS 0x000000075c200000, 0x000000075c200000| Complete 
| 738|0x000000075c400000, 0x000000075c600000, 0x000000075c600000|100%| E|CS|TAMS 0x000000075c400000, 0x000000075c400000| Complete 
| 739|0x000000075c600000, 0x000000075c800000, 0x000000075c800000|100%| E|CS|TAMS 0x000000075c600000, 0x000000075c600000| Complete 
| 740|0x000000075c800000, 0x000000075ca00000, 0x000000075ca00000|100%| E|CS|TAMS 0x000000075c800000, 0x000000075c800000| Complete 
| 741|0x000000075ca00000, 0x000000075cc00000, 0x000000075cc00000|100%| E|CS|TAMS 0x000000075ca00000, 0x000000075ca00000| Complete 
| 742|0x000000075cc00000, 0x000000075ce00000, 0x000000075ce00000|100%| E|CS|TAMS 0x000000075cc00000, 0x000000075cc00000| Complete 
| 743|0x000000075ce00000, 0x000000075d000000, 0x000000075d000000|100%| E|CS|TAMS 0x000000075ce00000, 0x000000075ce00000| Complete 
| 744|0x000000075d000000, 0x000000075d200000, 0x000000075d200000|100%| E|CS|TAMS 0x000000075d000000, 0x000000075d000000| Complete 
| 745|0x000000075d200000, 0x000000075d400000, 0x000000075d400000|100%| E|CS|TAMS 0x000000075d200000, 0x000000075d200000| Complete 
| 746|0x000000075d400000, 0x000000075d600000, 0x000000075d600000|100%| E|CS|TAMS 0x000000075d400000, 0x000000075d400000| Complete 
| 747|0x000000075d600000, 0x000000075d800000, 0x000000075d800000|100%| E|CS|TAMS 0x000000075d600000, 0x000000075d600000| Complete 
| 748|0x000000075d800000, 0x000000075da00000, 0x000000075da00000|100%| E|CS|TAMS 0x000000075d800000, 0x000000075d800000| Complete 
| 749|0x000000075da00000, 0x000000075dc00000, 0x000000075dc00000|100%| E|CS|TAMS 0x000000075da00000, 0x000000075da00000| Complete 
| 750|0x000000075dc00000, 0x000000075de00000, 0x000000075de00000|100%| E|CS|TAMS 0x000000075dc00000, 0x000000075dc00000| Complete 
| 751|0x000000075de00000, 0x000000075e000000, 0x000000075e000000|100%| E|CS|TAMS 0x000000075de00000, 0x000000075de00000| Complete 
| 752|0x000000075e000000, 0x000000075e200000, 0x000000075e200000|100%| E|CS|TAMS 0x000000075e000000, 0x000000075e000000| Complete 
| 753|0x000000075e200000, 0x000000075e400000, 0x000000075e400000|100%| E|CS|TAMS 0x000000075e200000, 0x000000075e200000| Complete 
| 754|0x000000075e400000, 0x000000075e600000, 0x000000075e600000|100%| E|CS|TAMS 0x000000075e400000, 0x000000075e400000| Complete 
| 755|0x000000075e600000, 0x000000075e800000, 0x000000075e800000|100%| E|CS|TAMS 0x000000075e600000, 0x000000075e600000| Complete 
| 756|0x000000075e800000, 0x000000075ea00000, 0x000000075ea00000|100%| E|CS|TAMS 0x000000075e800000, 0x000000075e800000| Complete 
| 757|0x000000075ea00000, 0x000000075ec00000, 0x000000075ec00000|100%| E|CS|TAMS 0x000000075ea00000, 0x000000075ea00000| Complete 
| 758|0x000000075ec00000, 0x000000075ee00000, 0x000000075ee00000|100%| E|CS|TAMS 0x000000075ec00000, 0x000000075ec00000| Complete 
| 759|0x000000075ee00000, 0x000000075f000000, 0x000000075f000000|100%| E|CS|TAMS 0x000000075ee00000, 0x000000075ee00000| Complete 
| 760|0x000000075f000000, 0x000000075f200000, 0x000000075f200000|100%| E|CS|TAMS 0x000000075f000000, 0x000000075f000000| Complete 
| 761|0x000000075f200000, 0x000000075f400000, 0x000000075f400000|100%| E|CS|TAMS 0x000000075f200000, 0x000000075f200000| Complete 
| 762|0x000000075f400000, 0x000000075f600000, 0x000000075f600000|100%| E|CS|TAMS 0x000000075f400000, 0x000000075f400000| Complete 
| 763|0x000000075f600000, 0x000000075f800000, 0x000000075f800000|100%| E|CS|TAMS 0x000000075f600000, 0x000000075f600000| Complete 
| 764|0x000000075f800000, 0x000000075fa00000, 0x000000075fa00000|100%| E|CS|TAMS 0x000000075f800000, 0x000000075f800000| Complete 
| 765|0x000000075fa00000, 0x000000075fc00000, 0x000000075fc00000|100%| E|CS|TAMS 0x000000075fa00000, 0x000000075fa00000| Complete 
| 766|0x000000075fc00000, 0x000000075fe00000, 0x000000075fe00000|100%| E|CS|TAMS 0x000000075fc00000, 0x000000075fc00000| Complete 
| 767|0x000000075fe00000, 0x0000000760000000, 0x0000000760000000|100%| E|CS|TAMS 0x000000075fe00000, 0x000000075fe00000| Complete 
| 768|0x0000000760000000, 0x0000000760200000, 0x0000000760200000|100%| E|CS|TAMS 0x0000000760000000, 0x0000000760000000| Complete 
| 769|0x0000000760200000, 0x0000000760400000, 0x0000000760400000|100%| E|CS|TAMS 0x0000000760200000, 0x0000000760200000| Complete 
| 770|0x0000000760400000, 0x0000000760600000, 0x0000000760600000|100%| E|CS|TAMS 0x0000000760400000, 0x0000000760400000| Complete 
| 771|0x0000000760600000, 0x0000000760800000, 0x0000000760800000|100%| E|CS|TAMS 0x0000000760600000, 0x0000000760600000| Complete 
| 772|0x0000000760800000, 0x0000000760a00000, 0x0000000760a00000|100%| E|CS|TAMS 0x0000000760800000, 0x0000000760800000| Complete 
| 773|0x0000000760a00000, 0x0000000760c00000, 0x0000000760c00000|100%| E|CS|TAMS 0x0000000760a00000, 0x0000000760a00000| Complete 
| 774|0x0000000760c00000, 0x0000000760e00000, 0x0000000760e00000|100%| E|CS|TAMS 0x0000000760c00000, 0x0000000760c00000| Complete 
| 775|0x0000000760e00000, 0x0000000761000000, 0x0000000761000000|100%| E|CS|TAMS 0x0000000760e00000, 0x0000000760e00000| Complete 
| 776|0x0000000761000000, 0x0000000761200000, 0x0000000761200000|100%| E|CS|TAMS 0x0000000761000000, 0x0000000761000000| Complete 
| 777|0x0000000761200000, 0x0000000761400000, 0x0000000761400000|100%| E|CS|TAMS 0x0000000761200000, 0x0000000761200000| Complete 
| 778|0x0000000761400000, 0x0000000761600000, 0x0000000761600000|100%| E|CS|TAMS 0x0000000761400000, 0x0000000761400000| Complete 
| 779|0x0000000761600000, 0x0000000761800000, 0x0000000761800000|100%| E|CS|TAMS 0x0000000761600000, 0x0000000761600000| Complete 
| 780|0x0000000761800000, 0x0000000761a00000, 0x0000000761a00000|100%| E|CS|TAMS 0x0000000761800000, 0x0000000761800000| Complete 
| 781|0x0000000761a00000, 0x0000000761c00000, 0x0000000761c00000|100%| E|CS|TAMS 0x0000000761a00000, 0x0000000761a00000| Complete 
| 782|0x0000000761c00000, 0x0000000761e00000, 0x0000000761e00000|100%| E|CS|TAMS 0x0000000761c00000, 0x0000000761c00000| Complete 
| 783|0x0000000761e00000, 0x0000000762000000, 0x0000000762000000|100%| E|CS|TAMS 0x0000000761e00000, 0x0000000761e00000| Complete 
| 784|0x0000000762000000, 0x0000000762200000, 0x0000000762200000|100%| E|CS|TAMS 0x0000000762000000, 0x0000000762000000| Complete 
| 785|0x0000000762200000, 0x0000000762400000, 0x0000000762400000|100%| E|CS|TAMS 0x0000000762200000, 0x0000000762200000| Complete 
| 786|0x0000000762400000, 0x0000000762600000, 0x0000000762600000|100%| E|CS|TAMS 0x0000000762400000, 0x0000000762400000| Complete 
| 787|0x0000000762600000, 0x0000000762800000, 0x0000000762800000|100%| E|CS|TAMS 0x0000000762600000, 0x0000000762600000| Complete 
| 788|0x0000000762800000, 0x0000000762a00000, 0x0000000762a00000|100%| E|CS|TAMS 0x0000000762800000, 0x0000000762800000| Complete 
| 789|0x0000000762a00000, 0x0000000762c00000, 0x0000000762c00000|100%| E|CS|TAMS 0x0000000762a00000, 0x0000000762a00000| Complete 
| 790|0x0000000762c00000, 0x0000000762e00000, 0x0000000762e00000|100%| E|CS|TAMS 0x0000000762c00000, 0x0000000762c00000| Complete 
| 791|0x0000000762e00000, 0x0000000763000000, 0x0000000763000000|100%| E|CS|TAMS 0x0000000762e00000, 0x0000000762e00000| Complete 
| 792|0x0000000763000000, 0x0000000763200000, 0x0000000763200000|100%| E|CS|TAMS 0x0000000763000000, 0x0000000763000000| Complete 
| 793|0x0000000763200000, 0x0000000763400000, 0x0000000763400000|100%| E|CS|TAMS 0x0000000763200000, 0x0000000763200000| Complete 
| 794|0x0000000763400000, 0x0000000763600000, 0x0000000763600000|100%| E|CS|TAMS 0x0000000763400000, 0x0000000763400000| Complete 
| 795|0x0000000763600000, 0x0000000763800000, 0x0000000763800000|100%| E|CS|TAMS 0x0000000763600000, 0x0000000763600000| Complete 
| 796|0x0000000763800000, 0x0000000763a00000, 0x0000000763a00000|100%| E|CS|TAMS 0x0000000763800000, 0x0000000763800000| Complete 
| 797|0x0000000763a00000, 0x0000000763c00000, 0x0000000763c00000|100%| E|CS|TAMS 0x0000000763a00000, 0x0000000763a00000| Complete 
| 798|0x0000000763c00000, 0x0000000763e00000, 0x0000000763e00000|100%| E|CS|TAMS 0x0000000763c00000, 0x0000000763c00000| Complete 
| 799|0x0000000763e00000, 0x0000000764000000, 0x0000000764000000|100%| E|CS|TAMS 0x0000000763e00000, 0x0000000763e00000| Complete 
| 800|0x0000000764000000, 0x0000000764200000, 0x0000000764200000|100%| E|CS|TAMS 0x0000000764000000, 0x0000000764000000| Complete 
| 801|0x0000000764200000, 0x0000000764400000, 0x0000000764400000|100%| E|CS|TAMS 0x0000000764200000, 0x0000000764200000| Complete 
| 802|0x0000000764400000, 0x0000000764600000, 0x0000000764600000|100%| E|CS|TAMS 0x0000000764400000, 0x0000000764400000| Complete 
| 803|0x0000000764600000, 0x0000000764800000, 0x0000000764800000|100%| E|CS|TAMS 0x0000000764600000, 0x0000000764600000| Complete 
| 804|0x0000000764800000, 0x0000000764a00000, 0x0000000764a00000|100%| E|CS|TAMS 0x0000000764800000, 0x0000000764800000| Complete 
| 805|0x0000000764a00000, 0x0000000764c00000, 0x0000000764c00000|100%| E|CS|TAMS 0x0000000764a00000, 0x0000000764a00000| Complete 
| 806|0x0000000764c00000, 0x0000000764e00000, 0x0000000764e00000|100%| E|CS|TAMS 0x0000000764c00000, 0x0000000764c00000| Complete 
| 807|0x0000000764e00000, 0x0000000765000000, 0x0000000765000000|100%| E|CS|TAMS 0x0000000764e00000, 0x0000000764e00000| Complete 
| 808|0x0000000765000000, 0x0000000765200000, 0x0000000765200000|100%| E|CS|TAMS 0x0000000765000000, 0x0000000765000000| Complete 
| 809|0x0000000765200000, 0x0000000765400000, 0x0000000765400000|100%| E|CS|TAMS 0x0000000765200000, 0x0000000765200000| Complete 
| 810|0x0000000765400000, 0x0000000765600000, 0x0000000765600000|100%| E|CS|TAMS 0x0000000765400000, 0x0000000765400000| Complete 
| 811|0x0000000765600000, 0x0000000765800000, 0x0000000765800000|100%| E|CS|TAMS 0x0000000765600000, 0x0000000765600000| Complete 
| 812|0x0000000765800000, 0x0000000765a00000, 0x0000000765a00000|100%| E|CS|TAMS 0x0000000765800000, 0x0000000765800000| Complete 
| 813|0x0000000765a00000, 0x0000000765c00000, 0x0000000765c00000|100%| E|CS|TAMS 0x0000000765a00000, 0x0000000765a00000| Complete 
| 814|0x0000000765c00000, 0x0000000765e00000, 0x0000000765e00000|100%| E|CS|TAMS 0x0000000765c00000, 0x0000000765c00000| Complete 
| 815|0x0000000765e00000, 0x0000000766000000, 0x0000000766000000|100%| E|CS|TAMS 0x0000000765e00000, 0x0000000765e00000| Complete 
| 816|0x0000000766000000, 0x0000000766200000, 0x0000000766200000|100%| E|CS|TAMS 0x0000000766000000, 0x0000000766000000| Complete 
| 817|0x0000000766200000, 0x0000000766400000, 0x0000000766400000|100%| E|CS|TAMS 0x0000000766200000, 0x0000000766200000| Complete 
| 818|0x0000000766400000, 0x0000000766600000, 0x0000000766600000|100%| E|CS|TAMS 0x0000000766400000, 0x0000000766400000| Complete 
| 819|0x0000000766600000, 0x0000000766800000, 0x0000000766800000|100%| E|CS|TAMS 0x0000000766600000, 0x0000000766600000| Complete 
| 820|0x0000000766800000, 0x0000000766a00000, 0x0000000766a00000|100%| E|CS|TAMS 0x0000000766800000, 0x0000000766800000| Complete 
| 821|0x0000000766a00000, 0x0000000766c00000, 0x0000000766c00000|100%| E|CS|TAMS 0x0000000766a00000, 0x0000000766a00000| Complete 
| 822|0x0000000766c00000, 0x0000000766e00000, 0x0000000766e00000|100%| E|CS|TAMS 0x0000000766c00000, 0x0000000766c00000| Complete 
| 823|0x0000000766e00000, 0x0000000767000000, 0x0000000767000000|100%| E|CS|TAMS 0x0000000766e00000, 0x0000000766e00000| Complete 
| 824|0x0000000767000000, 0x0000000767200000, 0x0000000767200000|100%| E|CS|TAMS 0x0000000767000000, 0x0000000767000000| Complete 
| 825|0x0000000767200000, 0x0000000767400000, 0x0000000767400000|100%| E|CS|TAMS 0x0000000767200000, 0x0000000767200000| Complete 
| 826|0x0000000767400000, 0x0000000767600000, 0x0000000767600000|100%| E|CS|TAMS 0x0000000767400000, 0x0000000767400000| Complete 
| 827|0x0000000767600000, 0x0000000767800000, 0x0000000767800000|100%| E|CS|TAMS 0x0000000767600000, 0x0000000767600000| Complete 
| 828|0x0000000767800000, 0x0000000767a00000, 0x0000000767a00000|100%| E|CS|TAMS 0x0000000767800000, 0x0000000767800000| Complete 
| 829|0x0000000767a00000, 0x0000000767c00000, 0x0000000767c00000|100%| E|CS|TAMS 0x0000000767a00000, 0x0000000767a00000| Complete 
| 830|0x0000000767c00000, 0x0000000767e00000, 0x0000000767e00000|100%| E|CS|TAMS 0x0000000767c00000, 0x0000000767c00000| Complete 
| 831|0x0000000767e00000, 0x0000000768000000, 0x0000000768000000|100%| E|CS|TAMS 0x0000000767e00000, 0x0000000767e00000| Complete 
| 832|0x0000000768000000, 0x0000000768200000, 0x0000000768200000|100%| E|CS|TAMS 0x0000000768000000, 0x0000000768000000| Complete 
|2042|0x00000007ff400000, 0x00000007ff600000, 0x00000007ff600000|100%| O|  |TAMS 0x00000007ff600000, 0x00000007ff400000| Untracked 
|2043|0x00000007ff600000, 0x00000007ff800000, 0x00000007ff800000|100%| O|  |TAMS 0x00000007ff800000, 0x00000007ff600000| Untracked 
|2044|0x00000007ff800000, 0x00000007ffa00000, 0x00000007ffa00000|100%| O|  |TAMS 0x00000007ffa00000, 0x00000007ff800000| Untracked 
|2045|0x00000007ffa00000, 0x00000007ffc00000, 0x00000007ffc00000|100%| O|  |TAMS 0x00000007ffc00000, 0x00000007ffa00000| Untracked 
|2046|0x00000007ffc00000, 0x00000007ffe00000, 0x00000007ffe00000|100%| O|  |TAMS 0x00000007ffe00000, 0x00000007ffc00000| Untracked 
|2047|0x00000007ffe00000, 0x0000000800000000, 0x0000000800000000|100%| O|  |TAMS 0x0000000800000000, 0x00000007ffe00000| Untracked 

Card table byte_map: [0x0000020cdef50000,0x0000020cdf750000] _byte_map_base: 0x0000020cdb750000

Marking Bits (Prev, Next): (CMBitMap*) 0x0000020cc76f69a0, (CMBitMap*) 0x0000020cc76f6960
 Prev Bits: [0x0000020ce3f50000, 0x0000020ce7f50000)
 Next Bits: [0x0000020cdff50000, 0x0000020ce3f50000)

Polling page: 0x0000020cc56f0000

Metaspace:

Usage:
  Non-class:    233.38 MB used.
      Class:     34.71 MB used.
       Both:    268.09 MB used.

Virtual space:
  Non-class space:      256.00 MB reserved,     234.25 MB ( 92%) committed,  4 nodes.
      Class space:        1.00 GB reserved,      35.56 MB (  3%) committed,  1 nodes.
             Both:        1.25 GB reserved,     269.81 MB ( 21%) committed. 

Chunk freelists:
   Non-Class:  5.63 MB
       Class:  12.26 MB
        Both:  17.89 MB

MaxMetaspaceSize: unlimited
CompressedClassSpaceSize: 1.00 GB
Initial GC threshold: 21.00 MB
Current GC threshold: 439.69 MB
CDS: on
MetaspaceReclaimPolicy: balanced
 - commit_granule_bytes: 65536.
 - commit_granule_words: 8192.
 - virtual_space_node_default_size: 8388608.
 - enlarge_chunks_in_place: 1.
 - new_chunks_are_fully_committed: 0.
 - uncommit_free_chunks: 1.
 - use_allocation_guard: 0.
 - handle_deallocations: 1.


Internal statistics:

num_allocs_failed_limit: 21.
num_arena_births: 3014.
num_arena_deaths: 58.
num_vsnodes_births: 5.
num_vsnodes_deaths: 0.
num_space_committed: 4312.
num_space_uncommitted: 0.
num_chunks_returned_to_freelist: 107.
num_chunks_taken_from_freelist: 14317.
num_chunk_merges: 32.
num_chunk_splits: 10023.
num_chunks_enlarged: 7210.
num_inconsistent_stats: 0.

CodeHeap 'non-profiled nmethods': size=120000Kb used=30824Kb max_used=30870Kb free=89175Kb
 bounds [0x0000020cd6cd0000, 0x0000020cd8b00000, 0x0000020cde200000]
CodeHeap 'profiled nmethods': size=120000Kb used=76662Kb max_used=77680Kb free=43337Kb
 bounds [0x0000020ccf200000, 0x0000020cd3e60000, 0x0000020cd6730000]
CodeHeap 'non-nmethods': size=5760Kb used=2794Kb max_used=2883Kb free=2965Kb
 bounds [0x0000020cd6730000, 0x0000020cd6a10000, 0x0000020cd6cd0000]
 total_blobs=37239 nmethods=35883 adapters=1264
 compilation: enabled
              stopped_count=0, restarted_count=0
 full_count=0

Compilation events (20 events):
Event: 2088.131 Thread 0x0000020ceabf05a0 47254       2       java.util.IdentityHashMap$EntryIterator$Entry::getValue (19 bytes)
Event: 2088.131 Thread 0x0000020ceabf05a0 nmethod 47254 0x0000020cd2d07910 code [0x0000020cd2d07ac0, 0x0000020cd2d07cc8]
Event: 2088.132 Thread 0x0000020ceabf05a0 47255       2       java.util.IdentityHashMap$EntryIterator$Entry::checkIndexForEntryUse (18 bytes)
Event: 2088.132 Thread 0x0000020ceabf05a0 nmethod 47255 0x0000020cd33bc410 code [0x0000020cd33bc5c0, 0x0000020cd33bc788]
Event: 2088.132 Thread 0x0000020ceabf05a0 47256       2       com.android.tools.r8.dex.U$$Lambda$6095/0x0000020c833b9af0::apply (16 bytes)
Event: 2088.132 Thread 0x0000020ceabf05a0 nmethod 47256 0x0000020cd2ee1390 code [0x0000020cd2ee1520, 0x0000020cd2ee1678]
Event: 2088.132 Thread 0x0000020ceabf05a0 47257       2       com.android.tools.r8.dex.U::b (12 bytes)
Event: 2088.132 Thread 0x0000020ceabf05a0 nmethod 47257 0x0000020cd01fa810 code [0x0000020cd01fa9a0, 0x0000020cd01faa98]
Event: 2088.134 Thread 0x0000020d066396d0 nmethod 47244 0x0000020cd86b6110 code [0x0000020cd86b62a0, 0x0000020cd86b67b8]
Event: 2088.134 Thread 0x0000020d066396d0 47055       4       com.android.tools.r8.graph.I0::a (18 bytes)
Event: 2088.138 Thread 0x0000020ceabf05a0 47258       2       com.android.tools.r8.dex.T::<init> (64 bytes)
Event: 2088.138 Thread 0x0000020ceabf05a0 nmethod 47258 0x0000020cd3170910 code [0x0000020cd3170aa0, 0x0000020cd3170c78]
Event: 2088.138 Thread 0x0000020ceabf05a0 47259       2       com.android.tools.r8.dex.T::b (49 bytes)
Event: 2088.139 Thread 0x0000020ceabf05a0 nmethod 47259 0x0000020cd3436990 code [0x0000020cd3436b40, 0x0000020cd3436ce8]
Event: 2088.142 Thread 0x0000020ceabf05a0 47260       2       com.android.tools.r8.internal.hz::setValue (21 bytes)
Event: 2088.142 Thread 0x0000020ceabf05a0 nmethod 47260 0x0000020cd2d74490 code [0x0000020cd2d74640, 0x0000020cd2d74878]
Event: 2088.153 Thread 0x0000020d066396d0 nmethod 47055 0x0000020cd8525890 code [0x0000020cd8525aa0, 0x0000020cd85265f8]
Event: 2088.154 Thread 0x0000020d066396d0 45959       4       org.jetbrains.org.objectweb.asm.ClassReader::readElementValues (88 bytes)
Event: 2088.158 Thread 0x0000020d066396d0 nmethod 45959 0x0000020cd83d4290 code [0x0000020cd83d4440, 0x0000020cd83d4748]
Event: 2088.158 Thread 0x0000020d066396d0 40850 %     4       com.android.tools.r8.ir.regalloc.b::a @ 7 (166 bytes)

GC Heap History (20 events):
Event: 2081.195 GC heap before
{Heap before GC invocations=169 (full 0):
 garbage-first heap   total 1718272K, used 1457131K [0x0000000700000000, 0x0000000800000000)
  region size 2048K, 475 young (972800K), 14 survivors (28672K)
 Metaspace       used 269559K, committed 271360K, reserved 1310720K
  class space    used 35042K, committed 35904K, reserved 1048576K
}
Event: 2081.204 GC heap after
{Heap after GC invocations=170 (full 0):
 garbage-first heap   total 1718272K, used 512807K [0x0000000700000000, 0x0000000800000000)
  region size 2048K, 14 young (28672K), 14 survivors (28672K)
 Metaspace       used 269559K, committed 271360K, reserved 1310720K
  class space    used 35042K, committed 35904K, reserved 1048576K
}
Event: 2081.716 GC heap before
{Heap before GC invocations=170 (full 0):
 garbage-first heap   total 1718272K, used 1475367K [0x0000000700000000, 0x0000000800000000)
  region size 2048K, 482 young (987136K), 14 survivors (28672K)
 Metaspace       used 269585K, committed 271360K, reserved 1310720K
  class space    used 35042K, committed 35904K, reserved 1048576K
}
Event: 2081.727 GC heap after
{Heap after GC invocations=171 (full 0):
 garbage-first heap   total 1718272K, used 512767K [0x0000000700000000, 0x0000000800000000)
  region size 2048K, 14 young (28672K), 14 survivors (28672K)
 Metaspace       used 269585K, committed 271360K, reserved 1310720K
  class space    used 35042K, committed 35904K, reserved 1048576K
}
Event: 2082.270 GC heap before
{Heap before GC invocations=171 (full 0):
 garbage-first heap   total 1718272K, used 1487615K [0x0000000700000000, 0x0000000800000000)
  region size 2048K, 488 young (999424K), 14 survivors (28672K)
 Metaspace       used 269612K, committed 271360K, reserved 1310720K
  class space    used 35042K, committed 35904K, reserved 1048576K
}
Event: 2082.292 GC heap after
{Heap after GC invocations=172 (full 0):
 garbage-first heap   total 1718272K, used 545041K [0x0000000700000000, 0x0000000800000000)
  region size 2048K, 29 young (59392K), 29 survivors (59392K)
 Metaspace       used 269612K, committed 271360K, reserved 1310720K
  class space    used 35042K, committed 35904K, reserved 1048576K
}
Event: 2082.793 GC heap before
{Heap before GC invocations=172 (full 0):
 garbage-first heap   total 1718272K, used 1462545K [0x0000000700000000, 0x0000000800000000)
  region size 2048K, 478 young (978944K), 29 survivors (59392K)
 Metaspace       used 269628K, committed 271424K, reserved 1310720K
  class space    used 35045K, committed 35904K, reserved 1048576K
}
Event: 2082.813 GC heap after
{Heap after GC invocations=173 (full 0):
 garbage-first heap   total 1718272K, used 549002K [0x0000000700000000, 0x0000000800000000)
  region size 2048K, 31 young (63488K), 31 survivors (63488K)
 Metaspace       used 269628K, committed 271424K, reserved 1310720K
  class space    used 35045K, committed 35904K, reserved 1048576K
}
Event: 2083.330 GC heap before
{Heap before GC invocations=173 (full 0):
 garbage-first heap   total 1718272K, used 1478794K [0x0000000700000000, 0x0000000800000000)
  region size 2048K, 483 young (989184K), 31 survivors (63488K)
 Metaspace       used 269651K, committed 271424K, reserved 1310720K
  class space    used 35045K, committed 35904K, reserved 1048576K
}
Event: 2083.347 GC heap after
{Heap after GC invocations=174 (full 0):
 garbage-first heap   total 1718272K, used 546065K [0x0000000700000000, 0x0000000800000000)
  region size 2048K, 30 young (61440K), 30 survivors (61440K)
 Metaspace       used 269651K, committed 271424K, reserved 1310720K
  class space    used 35045K, committed 35904K, reserved 1048576K
}
Event: 2084.457 GC heap before
{Heap before GC invocations=174 (full 0):
 garbage-first heap   total 1718272K, used 1486097K [0x0000000700000000, 0x0000000800000000)
  region size 2048K, 486 young (995328K), 30 survivors (61440K)
 Metaspace       used 269673K, committed 271424K, reserved 1310720K
  class space    used 35048K, committed 35904K, reserved 1048576K
}
Event: 2084.469 GC heap after
{Heap after GC invocations=175 (full 0):
 garbage-first heap   total 1718272K, used 525585K [0x0000000700000000, 0x0000000800000000)
  region size 2048K, 20 young (40960K), 20 survivors (40960K)
 Metaspace       used 269673K, committed 271424K, reserved 1310720K
  class space    used 35048K, committed 35904K, reserved 1048576K
}
Event: 2085.946 GC heap before
{Heap before GC invocations=175 (full 0):
 garbage-first heap   total 1718272K, used 1588497K [0x0000000700000000, 0x0000000800000000)
  region size 2048K, 491 young (1005568K), 20 survivors (40960K)
 Metaspace       used 270472K, committed 272256K, reserved 1310720K
  class space    used 35150K, committed 36032K, reserved 1048576K
}
Event: 2085.965 GC heap after
{Heap after GC invocations=176 (full 0):
 garbage-first heap   total 1718272K, used 597774K [0x0000000700000000, 0x0000000800000000)
  region size 2048K, 28 young (57344K), 28 survivors (57344K)
 Metaspace       used 270472K, committed 272256K, reserved 1310720K
  class space    used 35150K, committed 36032K, reserved 1048576K
}
Event: 2086.876 GC heap before
{Heap before GC invocations=176 (full 0):
 garbage-first heap   total 1718272K, used 1455886K [0x0000000700000000, 0x0000000800000000)
  region size 2048K, 448 young (917504K), 28 survivors (57344K)
 Metaspace       used 274163K, committed 276032K, reserved 1310720K
  class space    used 35507K, committed 36416K, reserved 1048576K
}
Event: 2086.932 GC heap after
{Heap after GC invocations=177 (full 0):
 garbage-first heap   total 1718272K, used 660862K [0x0000000700000000, 0x0000000800000000)
  region size 2048K, 56 young (114688K), 56 survivors (114688K)
 Metaspace       used 274163K, committed 276032K, reserved 1310720K
  class space    used 35507K, committed 36416K, reserved 1048576K
}
Event: 2087.412 GC heap before
{Heap before GC invocations=177 (full 0):
 garbage-first heap   total 1718272K, used 1418622K [0x0000000700000000, 0x0000000800000000)
  region size 2048K, 423 young (866304K), 56 survivors (114688K)
 Metaspace       used 274231K, committed 276096K, reserved 1310720K
  class space    used 35508K, committed 36416K, reserved 1048576K
}
Event: 2087.456 GC heap after
{Heap after GC invocations=178 (full 0):
 garbage-first heap   total 1718272K, used 682849K [0x0000000700000000, 0x0000000800000000)
  region size 2048K, 8 young (16384K), 8 survivors (16384K)
 Metaspace       used 274231K, committed 276096K, reserved 1310720K
  class space    used 35508K, committed 36416K, reserved 1048576K
}
Event: 2088.107 GC heap before
{Heap before GC invocations=178 (full 0):
 garbage-first heap   total 1718272K, used 1438561K [0x0000000700000000, 0x0000000800000000)
  region size 2048K, 375 young (768000K), 8 survivors (16384K)
 Metaspace       used 274514K, committed 276288K, reserved 1310720K
  class space    used 35538K, committed 36416K, reserved 1048576K
}
Event: 2088.120 GC heap after
{Heap after GC invocations=179 (full 0):
 garbage-first heap   total 1718272K, used 691137K [0x0000000700000000, 0x0000000800000000)
  region size 2048K, 11 young (22528K), 11 survivors (22528K)
 Metaspace       used 274514K, committed 276288K, reserved 1310720K
  class space    used 35538K, committed 36416K, reserved 1048576K
}

Dll operation events (17 events):
Event: 0.008 Loaded shared library C:\Users\dia_t\.jdks\ms-17.0.17\bin\java.dll
Event: 0.018 Loaded shared library C:\Users\dia_t\.jdks\ms-17.0.17\bin\jsvml.dll
Event: 0.048 Loaded shared library C:\Users\dia_t\.jdks\ms-17.0.17\bin\zip.dll
Event: 0.050 Loaded shared library C:\Users\dia_t\.jdks\ms-17.0.17\bin\instrument.dll
Event: 0.053 Loaded shared library C:\Users\dia_t\.jdks\ms-17.0.17\bin\net.dll
Event: 0.054 Loaded shared library C:\Users\dia_t\.jdks\ms-17.0.17\bin\nio.dll
Event: 0.056 Loaded shared library C:\Users\dia_t\.jdks\ms-17.0.17\bin\zip.dll
Event: 0.165 Loaded shared library C:\Users\dia_t\.jdks\ms-17.0.17\bin\jimage.dll
Event: 0.222 Loaded shared library C:\Users\dia_t\.jdks\ms-17.0.17\bin\verify.dll
Event: 0.326 Loaded shared library C:\Users\dia_t\.gradle\native\c067742578af261105cb4f569cf0c3c89f3d7b1fecec35dd04571415982c5e48\windows-amd64\native-platform.dll
Event: 0.336 Loaded shared library C:\Users\dia_t\.gradle\native\38dada09dfb8b06ba9b0570ebf7e218e3eb74d4ef43ca46872605cf95ebc2f47\windows-amd64\native-platform-file-events.dll
Event: 0.848 Loaded shared library C:\Users\dia_t\.jdks\ms-17.0.17\bin\management.dll
Event: 0.850 Loaded shared library C:\Users\dia_t\.jdks\ms-17.0.17\bin\management_ext.dll
Event: 1.008 Loaded shared library C:\Users\dia_t\.jdks\ms-17.0.17\bin\extnet.dll
Event: 1.149 Loaded shared library C:\Users\dia_t\.jdks\ms-17.0.17\bin\sunmscapi.dll
Event: 16.000 Loaded shared library C:\Users\dia_t\AppData\Local\Temp\native-platform1174593528817311953dir\native-platform.dll
Event: 16.512 Loaded shared library C:\Users\dia_t\.jdks\ms-17.0.17\bin\rmi.dll

Deoptimization events (20 events):
Event: 2088.098 Thread 0x0000020cfbb62820 DEOPT PACKING pc=0x0000020cd3aafb20 sp=0x000000c0343fe190
Event: 2088.098 Thread 0x0000020cfbb62820 DEOPT UNPACKING pc=0x0000020cd678ace3 sp=0x000000c0343fdab0 mode 0
Event: 2088.100 Thread 0x0000020d063cdeb0 Uncommon trap: trap_request=0xffffffc6 fr.pc=0x0000020cd86c5a00 relative=0x0000000000005bc0
Event: 2088.100 Thread 0x0000020cf4943e10 Uncommon trap: trap_request=0xffffffc6 fr.pc=0x0000020cd86c5a00 relative=0x0000000000005bc0
Event: 2088.100 Thread 0x0000020cf5dc0080 Uncommon trap: trap_request=0xffffffc6 fr.pc=0x0000020cd86c5a00 relative=0x0000000000005bc0
Event: 2088.101 Thread 0x0000020d063cdeb0 Uncommon trap: reason=bimorphic_or_optimized_type_check action=maybe_recompile pc=0x0000020cd86c5a00 method=org.jetbrains.org.objectweb.asm.ClassReader.readMethod(Lorg/jetbrains/org/objectweb/asm/ClassVisitor;Lorg/jetbrains/org/objectweb/asm/Context;I)I @
Event: 2088.101 Thread 0x0000020cf4943e10 Uncommon trap: reason=bimorphic_or_optimized_type_check action=maybe_recompile pc=0x0000020cd86c5a00 method=org.jetbrains.org.objectweb.asm.ClassReader.readMethod(Lorg/jetbrains/org/objectweb/asm/ClassVisitor;Lorg/jetbrains/org/objectweb/asm/Context;I)I @
Event: 2088.101 Thread 0x0000020cf5dc0080 Uncommon trap: reason=bimorphic_or_optimized_type_check action=maybe_recompile pc=0x0000020cd86c5a00 method=org.jetbrains.org.objectweb.asm.ClassReader.readMethod(Lorg/jetbrains/org/objectweb/asm/ClassVisitor;Lorg/jetbrains/org/objectweb/asm/Context;I)I @
Event: 2088.101 Thread 0x0000020d063cdeb0 DEOPT PACKING pc=0x0000020cd86c5a00 sp=0x000000c0308f6ca0
Event: 2088.101 Thread 0x0000020cf4943e10 DEOPT PACKING pc=0x0000020cd86c5a00 sp=0x000000c0317fb770
Event: 2088.101 Thread 0x0000020d063cdeb0 DEOPT UNPACKING pc=0x0000020cd678a1a3 sp=0x000000c0308f6c80 mode 2
Event: 2088.101 Thread 0x0000020cf5dc0080 DEOPT PACKING pc=0x0000020cd86c5a00 sp=0x000000c0311fba70
Event: 2088.101 Thread 0x0000020cf4943e10 DEOPT UNPACKING pc=0x0000020cd678a1a3 sp=0x000000c0317fb750 mode 2
Event: 2088.101 Thread 0x0000020cf5dc0080 DEOPT UNPACKING pc=0x0000020cd678a1a3 sp=0x000000c0311fba50 mode 2
Event: 2088.101 Thread 0x0000020d063cdeb0 Uncommon trap: trap_request=0xffffffc6 fr.pc=0x0000020cd86c5a00 relative=0x0000000000005bc0
Event: 2088.101 Thread 0x0000020d063cdeb0 Uncommon trap: reason=bimorphic_or_optimized_type_check action=maybe_recompile pc=0x0000020cd86c5a00 method=org.jetbrains.org.objectweb.asm.ClassReader.readMethod(Lorg/jetbrains/org/objectweb/asm/ClassVisitor;Lorg/jetbrains/org/objectweb/asm/Context;I)I @
Event: 2088.101 Thread 0x0000020d063cdeb0 DEOPT PACKING pc=0x0000020cd86c5a00 sp=0x000000c0308f6ca0
Event: 2088.101 Thread 0x0000020d063cdeb0 DEOPT UNPACKING pc=0x0000020cd678a1a3 sp=0x000000c0308f6c80 mode 2
Event: 2088.106 Thread 0x0000020cfbb62820 DEOPT PACKING pc=0x0000020cd3ab0879 sp=0x000000c0343fe160
Event: 2088.106 Thread 0x0000020cfbb62820 DEOPT UNPACKING pc=0x0000020cd678ace3 sp=0x000000c0343fda78 mode 0

Classes loaded (20 events):
Event: 2041.654 Loading class com/sun/org/apache/xerces/internal/util/EncodingMap
Event: 2041.655 Loading class com/sun/org/apache/xerces/internal/util/EncodingMap done
Event: 2041.656 Loading class sun/nio/cs/ISO_8859_1$Decoder
Event: 2041.656 Loading class sun/nio/cs/ISO_8859_1$Decoder done
Event: 2065.164 Loading class sun/invoke/util/ValueConversions$1
Event: 2065.165 Loading class sun/invoke/util/ValueConversions$1 done
Event: 2065.165 Loading class java/lang/invoke/BoundMethodHandle$Species_LI
Event: 2065.165 Loading class java/lang/invoke/BoundMethodHandle$Species_LI done
Event: 2065.354 Loading class java/util/concurrent/Executors$DelegatedScheduledExecutorService
Event: 2065.354 Loading class java/util/concurrent/Executors$DelegatedScheduledExecutorService done
Event: 2065.634 Loading class java/io/BufferedReader$1
Event: 2065.634 Loading class java/io/BufferedReader$1 done
Event: 2086.004 Loading class java/util/concurrent/ForkJoinPool$DefaultForkJoinWorkerThreadFactory$1
Event: 2086.004 Loading class java/util/concurrent/ForkJoinPool$DefaultForkJoinWorkerThreadFactory$1 done
Event: 2087.807 Loading class jdk/internal/reflect/UnsafeQualifiedStaticIntegerFieldAccessorImpl
Event: 2087.808 Loading class jdk/internal/reflect/UnsafeQualifiedStaticIntegerFieldAccessorImpl done
Event: 2088.001 Loading class java/util/IdentityHashMap$EntryIterator
Event: 2088.002 Loading class java/util/IdentityHashMap$EntryIterator done
Event: 2088.004 Loading class java/util/IdentityHashMap$EntryIterator$Entry
Event: 2088.004 Loading class java/util/IdentityHashMap$EntryIterator$Entry done

Classes unloaded (20 events):
Event: 897.941 Thread 0x0000020ceabca490 Unloading class 0x0000020c820fa000 'java/lang/invoke/LambdaForm$MH+0x0000020c820fa000'
Event: 897.941 Thread 0x0000020ceabca490 Unloading class 0x0000020c820f9800 'java/lang/invoke/LambdaForm$DMH+0x0000020c820f9800'
Event: 897.941 Thread 0x0000020ceabca490 Unloading class 0x0000020c820f9000 'java/lang/invoke/LambdaForm$DMH+0x0000020c820f9000'
Event: 897.941 Thread 0x0000020ceabca490 Unloading class 0x0000020c820f8400 'java/lang/invoke/LambdaForm$DMH+0x0000020c820f8400'
Event: 897.941 Thread 0x0000020ceabca490 Unloading class 0x0000020c820dc400 'java/lang/invoke/LambdaForm$DMH+0x0000020c820dc400'
Event: 897.941 Thread 0x0000020ceabca490 Unloading class 0x0000020c820b5800 'java/lang/invoke/LambdaForm$DMH+0x0000020c820b5800'
Event: 897.941 Thread 0x0000020ceabca490 Unloading class 0x0000020c820b5400 'java/lang/invoke/LambdaForm$DMH+0x0000020c820b5400'
Event: 897.941 Thread 0x0000020ceabca490 Unloading class 0x0000020c820b5000 'java/lang/invoke/LambdaForm$DMH+0x0000020c820b5000'
Event: 897.941 Thread 0x0000020ceabca490 Unloading class 0x0000020c820b4800 'java/lang/invoke/LambdaForm$DMH+0x0000020c820b4800'
Event: 897.941 Thread 0x0000020ceabca490 Unloading class 0x0000020c820b4400 'java/lang/invoke/LambdaForm$DMH+0x0000020c820b4400'
Event: 897.941 Thread 0x0000020ceabca490 Unloading class 0x0000020c82011c00 'java/lang/invoke/LambdaForm$DMH+0x0000020c82011c00'
Event: 897.941 Thread 0x0000020ceabca490 Unloading class 0x0000020c82011800 'java/lang/invoke/LambdaForm$DMH+0x0000020c82011800'
Event: 897.941 Thread 0x0000020ceabca490 Unloading class 0x0000020c82011400 'java/lang/invoke/LambdaForm$DMH+0x0000020c82011400'
Event: 897.941 Thread 0x0000020ceabca490 Unloading class 0x0000020c82010c00 'java/lang/invoke/LambdaForm$DMH+0x0000020c82010c00'
Event: 897.941 Thread 0x0000020ceabca490 Unloading class 0x0000020c82010400 'java/lang/invoke/LambdaForm$DMH+0x0000020c82010400'
Event: 897.941 Thread 0x0000020ceabca490 Unloading class 0x0000020c82010800 'java/lang/invoke/LambdaForm$DMH+0x0000020c82010800'
Event: 897.941 Thread 0x0000020ceabca490 Unloading class 0x0000020c81fc4400 'java/lang/invoke/LambdaForm$DMH+0x0000020c81fc4400'
Event: 897.941 Thread 0x0000020ceabca490 Unloading class 0x0000020c81eec400 'jdk/internal/reflect/GeneratedSerializationConstructorAccessor178'
Event: 897.941 Thread 0x0000020ceabca490 Unloading class 0x0000020c81d72000 'java/lang/invoke/LambdaForm$DMH+0x0000020c81d72000'
Event: 897.941 Thread 0x0000020ceabca490 Unloading class 0x0000020c81d71800 'java/lang/invoke/LambdaForm$DMH+0x0000020c81d71800'

Classes redefined (0 events):
No events

Internal exceptions (20 events):
Event: 2085.850 Thread 0x0000020cfce7c060 Exception <a 'sun/nio/fs/WindowsException'{0x0000000731d36538}> (0x0000000731d36538) 
thrown [s\src\hotspot\share\prims\jni.cpp, line 516]
Event: 2085.857 Thread 0x0000020d063cdeb0 Exception <a 'sun/nio/fs/WindowsException'{0x00000007312f30f0}> (0x00000007312f30f0) 
thrown [s\src\hotspot\share\prims\jni.cpp, line 516]
Event: 2085.857 Thread 0x0000020d063cdeb0 Exception <a 'sun/nio/fs/WindowsException'{0x00000007312f32d0}> (0x00000007312f32d0) 
thrown [s\src\hotspot\share\prims\jni.cpp, line 516]
Event: 2085.858 Thread 0x0000020cfce7c060 Exception <a 'sun/nio/fs/WindowsException'{0x0000000731d99688}> (0x0000000731d99688) 
thrown [s\src\hotspot\share\prims\jni.cpp, line 516]
Event: 2085.858 Thread 0x0000020cfce7c060 Exception <a 'sun/nio/fs/WindowsException'{0x0000000731d99870}> (0x0000000731d99870) 
thrown [s\src\hotspot\share\prims\jni.cpp, line 516]
Event: 2085.865 Thread 0x0000020d063cdeb0 Exception <a 'sun/nio/fs/WindowsException'{0x00000007313a7900}> (0x00000007313a7900) 
thrown [s\src\hotspot\share\prims\jni.cpp, line 516]
Event: 2085.865 Thread 0x0000020d063cdeb0 Exception <a 'sun/nio/fs/WindowsException'{0x00000007313a7ad8}> (0x00000007313a7ad8) 
thrown [s\src\hotspot\share\prims\jni.cpp, line 516]
Event: 2085.866 Thread 0x0000020cfce7c060 Exception <a 'sun/nio/fs/WindowsException'{0x0000000730f754a0}> (0x0000000730f754a0) 
thrown [s\src\hotspot\share\prims\jni.cpp, line 516]
Event: 2085.866 Thread 0x0000020cfce7c060 Exception <a 'sun/nio/fs/WindowsException'{0x0000000730f75690}> (0x0000000730f75690) 
thrown [s\src\hotspot\share\prims\jni.cpp, line 516]
Event: 2085.874 Thread 0x0000020cfce7c060 Exception <a 'sun/nio/fs/WindowsException'{0x0000000730741cb8}> (0x0000000730741cb8) 
thrown [s\src\hotspot\share\prims\jni.cpp, line 516]
Event: 2085.874 Thread 0x0000020d063cdeb0 Exception <a 'sun/nio/fs/WindowsException'{0x00000007308c97a8}> (0x00000007308c97a8) 
thrown [s\src\hotspot\share\prims\jni.cpp, line 516]
Event: 2085.874 Thread 0x0000020cfce7c060 Exception <a 'sun/nio/fs/WindowsException'{0x0000000730741e90}> (0x0000000730741e90) 
thrown [s\src\hotspot\share\prims\jni.cpp, line 516]
Event: 2085.874 Thread 0x0000020d063cdeb0 Exception <a 'sun/nio/fs/WindowsException'{0x00000007308c9998}> (0x00000007308c9998) 
thrown [s\src\hotspot\share\prims\jni.cpp, line 516]
Event: 2085.883 Thread 0x0000020d063cdeb0 Exception <a 'sun/nio/fs/WindowsException'{0x000000072fc30218}> (0x000000072fc30218) 
thrown [s\src\hotspot\share\prims\jni.cpp, line 516]
Event: 2085.883 Thread 0x0000020d063cdeb0 Exception <a 'sun/nio/fs/WindowsException'{0x000000072fc303f8}> (0x000000072fc303f8) 
thrown [s\src\hotspot\share\prims\jni.cpp, line 516]
Event: 2085.889 Thread 0x0000020cefc162c0 Exception <a 'sun/nio/fs/WindowsException'{0x000000073053b430}> (0x000000073053b430) 
thrown [s\src\hotspot\share\prims\jni.cpp, line 516]
Event: 2085.889 Thread 0x0000020cefc162c0 Exception <a 'sun/nio/fs/WindowsException'{0x000000073053b618}> (0x000000073053b618) 
thrown [s\src\hotspot\share\prims\jni.cpp, line 516]
Event: 2085.892 Thread 0x0000020cfce7d4a0 Exception <a 'sun/nio/fs/WindowsException'{0x0000000746e17908}> (0x0000000746e17908) 
thrown [s\src\hotspot\share\prims\jni.cpp, line 516]
Event: 2085.892 Thread 0x0000020cfce7d4a0 Exception <a 'sun/nio/fs/WindowsException'{0x0000000746e17ae0}> (0x0000000746e17ae0) 
thrown [s\src\hotspot\share\prims\jni.cpp, line 516]
Event: 2087.814 Thread 0x0000020d063cdeb0 Exception <a 'java/lang/NoSuchMethodError'{0x0000000756972678}: static Lorg/jetbrains/kotlin/gradle/internal/kapt/incremental/ClasspathEntryData;.<clinit>()V> (0x0000000756972678) 
thrown [s\src\hotspot\share\prims\jni.cpp, line 1112]

VM Operations (20 events):
Event: 2086.295 Executing VM operation: HandshakeAllThreads
Event: 2086.295 Executing VM operation: HandshakeAllThreads done
Event: 2086.403 Executing VM operation: ICBufferFull
Event: 2086.403 Executing VM operation: ICBufferFull done
Event: 2086.654 Executing VM operation: ICBufferFull
Event: 2086.655 Executing VM operation: ICBufferFull done
Event: 2086.875 Executing VM operation: G1CollectForAllocation
Event: 2086.932 Executing VM operation: G1CollectForAllocation done
Event: 2087.312 Executing VM operation: HandshakeAllThreads
Event: 2087.312 Executing VM operation: HandshakeAllThreads done
Event: 2087.401 Executing VM operation: HandshakeAllThreads
Event: 2087.402 Executing VM operation: HandshakeAllThreads done
Event: 2087.411 Executing VM operation: G1CollectForAllocation
Event: 2087.456 Executing VM operation: G1CollectForAllocation done
Event: 2087.872 Executing VM operation: HandshakeAllThreads
Event: 2087.873 Executing VM operation: HandshakeAllThreads done
Event: 2088.094 Executing VM operation: ICBufferFull
Event: 2088.094 Executing VM operation: ICBufferFull done
Event: 2088.107 Executing VM operation: G1CollectForAllocation
Event: 2088.120 Executing VM operation: G1CollectForAllocation done

Memory protections (0 events):
No events

Nmethod flushes (20 events):
Event: 2087.940 Thread 0x0000020ceabf1ad0 flushing  nmethod 0x0000020cd3cd1610
Event: 2087.940 Thread 0x0000020ceabf1ad0 flushing  nmethod 0x0000020cd3cd1990
Event: 2087.940 Thread 0x0000020ceabf1ad0 flushing  nmethod 0x0000020cd3cd2110
Event: 2087.940 Thread 0x0000020ceabf1ad0 flushing  nmethod 0x0000020cd3cd2510
Event: 2087.940 Thread 0x0000020ceabf1ad0 flushing  nmethod 0x0000020cd3cd2b10
Event: 2087.940 Thread 0x0000020ceabf1ad0 flushing  nmethod 0x0000020cd3cdab90
Event: 2087.940 Thread 0x0000020ceabf1ad0 flushing  nmethod 0x0000020cd3cdd090
Event: 2087.940 Thread 0x0000020ceabf1ad0 flushing  nmethod 0x0000020cd3cfd710
Event: 2087.940 Thread 0x0000020ceabf1ad0 flushing  nmethod 0x0000020cd3d01b10
Event: 2087.940 Thread 0x0000020ceabf1ad0 flushing  nmethod 0x0000020cd3d02190
Event: 2087.940 Thread 0x0000020ceabf1ad0 flushing  nmethod 0x0000020cd3d72910
Event: 2087.940 Thread 0x0000020ceabf1ad0 flushing  nmethod 0x0000020cd3d78810
Event: 2087.940 Thread 0x0000020ceabf1ad0 flushing  nmethod 0x0000020cd3d78f90
Event: 2087.940 Thread 0x0000020ceabf1ad0 flushing  nmethod 0x0000020cd3d79790
Event: 2087.940 Thread 0x0000020ceabf1ad0 flushing  nmethod 0x0000020cd3d79b90
Event: 2087.940 Thread 0x0000020ceabf1ad0 flushing  nmethod 0x0000020cd3d7e410
Event: 2087.940 Thread 0x0000020ceabf1ad0 flushing  nmethod 0x0000020cd3d80f90
Event: 2087.940 Thread 0x0000020ceabf1ad0 flushing  nmethod 0x0000020cd3d81a10
Event: 2087.940 Thread 0x0000020ceabf1ad0 flushing  nmethod 0x0000020cd3d82290
Event: 2087.940 Thread 0x0000020ceabf1ad0 flushing  nmethod 0x0000020cd3d83090

Events (20 events):
Event: 2065.812 Thread 0x0000020d063cd9a0 Thread added: 0x0000020cf3edac90
Event: 2065.812 Thread 0x0000020d063cd9a0 Thread added: 0x0000020cf3edb1a0
Event: 2067.170 Thread 0x0000020d0607a520 Thread exited: 0x0000020d0607a520
Event: 2085.511 Thread 0x0000020d0607b960 Thread added: 0x0000020cf3d68170
Event: 2085.516 Thread 0x0000020d063cdeb0 Thread added: 0x0000020cfce7c060
Event: 2085.516 Thread 0x0000020d063cdeb0 Thread added: 0x0000020cfce7d4a0
Event: 2086.005 Thread 0x0000020d0607be70 Thread added: 0x0000020cfce7ca80
Event: 2086.005 Thread 0x0000020cfce7ca80 Thread added: 0x0000020d0600cde0
Event: 2086.005 Thread 0x0000020d0600cde0 Thread added: 0x0000020cf49433f0
Event: 2086.005 Thread 0x0000020cf49433f0 Thread added: 0x0000020d0c8fb010
Event: 2086.006 Thread 0x0000020d0c8fb010 Thread added: 0x0000020cfbb62820
Event: 2086.006 Thread 0x0000020cfbb62820 Thread added: 0x0000020cfcf9d990
Event: 2086.006 Thread 0x0000020cfcf9d990 Thread added: 0x0000020cfcd45650
Event: 2086.006 Thread 0x0000020cfcd45650 Thread added: 0x0000020d0c8fa0e0
Event: 2086.007 Thread 0x0000020d0c8fa0e0 Thread added: 0x0000020d06c79370
Event: 2086.007 Thread 0x0000020d06c79370 Thread added: 0x0000020cf3edcaf0
Event: 2086.008 Thread 0x0000020cf3edcaf0 Thread added: 0x0000020cfbb613e0
Event: 2086.008 Thread 0x0000020cfbb613e0 Thread added: 0x0000020d0c8fce70
Event: 2087.512 Thread 0x0000020cf5d9f230 Thread exited: 0x0000020cf5d9f230
Event: 2087.512 Thread 0x0000020cfc2de160 Thread exited: 0x0000020cfc2de160


Dynamic libraries:
0x00007ff768380000 - 0x00007ff76838e000 	C:\Users\dia_t\.jdks\ms-17.0.17\bin\java.exe
0x00007ffc08980000 - 0x00007ffc08be7000 	C:\WINDOWS\SYSTEM32\ntdll.dll
0x00007ffc067d0000 - 0x00007ffc06899000 	C:\WINDOWS\System32\KERNEL32.DLL
0x00007ffc061a0000 - 0x00007ffc0658f000 	C:\WINDOWS\System32\KERNELBASE.dll
0x00007ffc05e30000 - 0x00007ffc05f7b000 	C:\WINDOWS\System32\ucrtbase.dll
0x00007ffbf93b0000 - 0x00007ffbf93c8000 	C:\Users\dia_t\.jdks\ms-17.0.17\bin\jli.dll
0x00007ffbcfde0000 - 0x00007ffbcfdfe000 	C:\Users\dia_t\.jdks\ms-17.0.17\bin\VCRUNTIME140.dll
0x00007ffc07f80000 - 0x00007ffc08145000 	C:\WINDOWS\System32\USER32.dll
0x00007ffbf08e0000 - 0x00007ffbf0b73000 	C:\WINDOWS\WinSxS\amd64_microsoft.windows.common-controls_6595b64144ccf1df_6.0.26100.7309_none_3e05feeae336a044\COMCTL32.dll
0x00007ffc05c00000 - 0x00007ffc05c27000 	C:\WINDOWS\System32\win32u.dll
0x00007ffc07e60000 - 0x00007ffc07e8b000 	C:\WINDOWS\System32\GDI32.dll
0x00007ffc06720000 - 0x00007ffc067c9000 	C:\WINDOWS\System32\msvcrt.dll
0x00007ffc05ad0000 - 0x00007ffc05bfc000 	C:\WINDOWS\System32\gdi32full.dll
0x00007ffc05cf0000 - 0x00007ffc05d93000 	C:\WINDOWS\System32\msvcp_win.dll
0x00007ffc08150000 - 0x00007ffc08181000 	C:\WINDOWS\System32\IMM32.DLL
0x00007ffbfa1c0000 - 0x00007ffbfa1cc000 	C:\Users\dia_t\.jdks\ms-17.0.17\bin\vcruntime140_1.dll
0x00007ffbbfd60000 - 0x00007ffbbfde9000 	C:\Users\dia_t\.jdks\ms-17.0.17\bin\msvcp140.dll
0x00007ffb81170000 - 0x00007ffb81dea000 	C:\Users\dia_t\.jdks\ms-17.0.17\bin\server\jvm.dll
0x00007ffc07230000 - 0x00007ffc072e4000 	C:\WINDOWS\System32\ADVAPI32.dll
0x00007ffc07010000 - 0x00007ffc070b6000 	C:\WINDOWS\System32\sechost.dll
0x00007ffc06d20000 - 0x00007ffc06e38000 	C:\WINDOWS\System32\RPCRT4.dll
0x00007ffc07e90000 - 0x00007ffc07f04000 	C:\WINDOWS\System32\WS2_32.dll
0x00007ffbf97c0000 - 0x00007ffbf97f5000 	C:\WINDOWS\SYSTEM32\WINMM.dll
0x00007ffc05930000 - 0x00007ffc0598e000 	C:\WINDOWS\SYSTEM32\POWRPROF.dll
0x00007ffbf6a90000 - 0x00007ffbf6a9b000 	C:\WINDOWS\SYSTEM32\VERSION.dll
0x00007ffc05910000 - 0x00007ffc05924000 	C:\WINDOWS\SYSTEM32\UMPDC.dll
0x00007ffc04840000 - 0x00007ffc0485b000 	C:\WINDOWS\SYSTEM32\kernel.appcore.dll
0x00007ffbfa140000 - 0x00007ffbfa14a000 	C:\Users\dia_t\.jdks\ms-17.0.17\bin\jimage.dll
0x00007ffbf7f60000 - 0x00007ffbf81a2000 	C:\WINDOWS\SYSTEM32\DBGHELP.DLL
0x00007ffc068a0000 - 0x00007ffc06c25000 	C:\WINDOWS\System32\combase.dll
0x00007ffc07600000 - 0x00007ffc076d6000 	C:\WINDOWS\System32\OLEAUT32.dll
0x00007ffbf0690000 - 0x00007ffbf06cc000 	C:\WINDOWS\SYSTEM32\dbgcore.DLL
0x00007ffc060f0000 - 0x00007ffc06195000 	C:\WINDOWS\System32\bcryptPrimitives.dll
0x00007ffbf93a0000 - 0x00007ffbf93af000 	C:\Users\dia_t\.jdks\ms-17.0.17\bin\instrument.dll
0x00007ffbcfcf0000 - 0x00007ffbcfd16000 	C:\Users\dia_t\.jdks\ms-17.0.17\bin\java.dll
0x00007ffba34a0000 - 0x00007ffba3576000 	C:\Users\dia_t\.jdks\ms-17.0.17\bin\jsvml.dll
0x00007ffc081e0000 - 0x00007ffc08933000 	C:\WINDOWS\System32\SHELL32.dll
0x00007ffc05f80000 - 0x00007ffc060ea000 	C:\WINDOWS\System32\wintypes.dll
0x00007ffc03690000 - 0x00007ffc03eee000 	C:\WINDOWS\SYSTEM32\windows.storage.dll
0x00007ffc06f10000 - 0x00007ffc07005000 	C:\WINDOWS\System32\SHCORE.dll
0x00007ffc07f10000 - 0x00007ffc07f76000 	C:\WINDOWS\System32\shlwapi.dll
0x00007ffc059f0000 - 0x00007ffc05a19000 	C:\WINDOWS\SYSTEM32\profapi.dll
0x00007ffbcf960000 - 0x00007ffbcf978000 	C:\Users\dia_t\.jdks\ms-17.0.17\bin\zip.dll
0x00007ffbcafc0000 - 0x00007ffbcafdb000 	C:\Users\dia_t\.jdks\ms-17.0.17\bin\net.dll
0x00007ffbf9e20000 - 0x00007ffbf9f48000 	C:\WINDOWS\SYSTEM32\WINHTTP.dll
0x00007ffc04d90000 - 0x00007ffc04dfb000 	C:\WINDOWS\system32\mswsock.dll
0x00007ffbc9a10000 - 0x00007ffbc9a26000 	C:\Users\dia_t\.jdks\ms-17.0.17\bin\nio.dll
0x00007ffbeae90000 - 0x00007ffbeaea0000 	C:\Users\dia_t\.jdks\ms-17.0.17\bin\verify.dll
0x00007ffbfa180000 - 0x00007ffbfa1a7000 	C:\Users\dia_t\.gradle\native\c067742578af261105cb4f569cf0c3c89f3d7b1fecec35dd04571415982c5e48\windows-amd64\native-platform.dll
0x00007ffba3350000 - 0x00007ffba3494000 	C:\Users\dia_t\.gradle\native\38dada09dfb8b06ba9b0570ebf7e218e3eb74d4ef43ca46872605cf95ebc2f47\windows-amd64\native-platform-file-events.dll
0x00007ffbe6af0000 - 0x00007ffbe6afa000 	C:\Users\dia_t\.jdks\ms-17.0.17\bin\management.dll
0x00007ffbe5c90000 - 0x00007ffbe5c9c000 	C:\Users\dia_t\.jdks\ms-17.0.17\bin\management_ext.dll
0x00007ffc076e0000 - 0x00007ffc076e8000 	C:\WINDOWS\System32\PSAPI.DLL
0x00007ffc05180000 - 0x00007ffc0519b000 	C:\WINDOWS\SYSTEM32\CRYPTSP.dll
0x00007ffc047a0000 - 0x00007ffc047da000 	C:\WINDOWS\system32\rsaenh.dll
0x00007ffc04e40000 - 0x00007ffc04e6b000 	C:\WINDOWS\SYSTEM32\USERENV.dll
0x00007ffc059c0000 - 0x00007ffc059ea000 	C:\WINDOWS\SYSTEM32\bcrypt.dll
0x00007ffc05160000 - 0x00007ffc0516c000 	C:\WINDOWS\SYSTEM32\CRYPTBASE.dll
0x00007ffc042e0000 - 0x00007ffc04314000 	C:\WINDOWS\SYSTEM32\IPHLPAPI.DLL
0x00007ffc07220000 - 0x00007ffc0722a000 	C:\WINDOWS\System32\NSI.dll
0x00007ffbfef10000 - 0x00007ffbfef2e000 	C:\WINDOWS\SYSTEM32\dhcpcsvc6.DLL
0x00007ffbfee40000 - 0x00007ffbfee63000 	C:\WINDOWS\SYSTEM32\dhcpcsvc.DLL
0x00007ffc04320000 - 0x00007ffc0444c000 	C:\WINDOWS\SYSTEM32\DNSAPI.dll
0x00007ffbe2850000 - 0x00007ffbe2859000 	C:\Users\dia_t\.jdks\ms-17.0.17\bin\extnet.dll
0x00007ffbe1dd0000 - 0x00007ffbe1dde000 	C:\Users\dia_t\.jdks\ms-17.0.17\bin\sunmscapi.dll
0x00007ffc065a0000 - 0x00007ffc06717000 	C:\WINDOWS\System32\CRYPT32.dll
0x00007ffc052d0000 - 0x00007ffc05300000 	C:\WINDOWS\SYSTEM32\ncrypt.dll
0x00007ffc05280000 - 0x00007ffc052bf000 	C:\WINDOWS\SYSTEM32\NTASN1.dll
0x00007ffbf93f0000 - 0x00007ffbf93f8000 	C:\WINDOWS\system32\wshunix.dll
0x00007ffbf8bc0000 - 0x00007ffbf8bd8000 	C:\WINDOWS\system32\napinsp.dll
0x00007ffbf20e0000 - 0x00007ffbf20f2000 	C:\WINDOWS\System32\winrnr.dll
0x00007ffbe1aa0000 - 0x00007ffbe1ac2000 	C:\WINDOWS\system32\nlansp_c.dll
0x00007ffbf95a0000 - 0x00007ffbf95b6000 	C:\WINDOWS\system32\wshbth.dll
0x00007ffbf96f0000 - 0x00007ffbf96fb000 	C:\Windows\System32\rasadhlp.dll
0x00007ffbff950000 - 0x00007ffbff9d6000 	C:\WINDOWS\System32\fwpuclnt.dll
0x00007ffbfa010000 - 0x00007ffbfa02e000 	C:\Users\dia_t\AppData\Local\Temp\native-platform1174593528817311953dir\native-platform.dll
0x00007ffbfea40000 - 0x00007ffbfea47000 	C:\Users\dia_t\.jdks\ms-17.0.17\bin\rmi.dll
0x00007ffc04960000 - 0x00007ffc04996000 	C:\WINDOWS\SYSTEM32\ntmarta.dll
0x00007ffc02ad0000 - 0x00007ffc02b6f000 	C:\WINDOWS\system32\apphelp.dll

dbghelp: loaded successfully - version: 4.0.5 - missing functions: none
symbol engine: initialized successfully - sym options: 0x614 - pdb path: .;C:\Users\dia_t\.jdks\ms-17.0.17\bin;C:\WINDOWS\SYSTEM32;C:\WINDOWS\WinSxS\amd64_microsoft.windows.common-controls_6595b64144ccf1df_6.0.26100.7309_none_3e05feeae336a044;C:\Users\dia_t\.jdks\ms-17.0.17\bin\server;C:\Users\dia_t\.gradle\native\c067742578af261105cb4f569cf0c3c89f3d7b1fecec35dd04571415982c5e48\windows-amd64;C:\Users\dia_t\.gradle\native\38dada09dfb8b06ba9b0570ebf7e218e3eb74d4ef43ca46872605cf95ebc2f47\windows-amd64;C:\Users\dia_t\AppData\Local\Temp\native-platform1174593528817311953dir

VM Arguments:
jvm_args: --add-opens=java.base/java.util=ALL-UNNAMED --add-opens=java.base/java.lang=ALL-UNNAMED --add-opens=java.base/java.lang.invoke=ALL-UNNAMED --add-opens=java.prefs/java.util.prefs=ALL-UNNAMED --add-opens=java.base/java.nio.charset=ALL-UNNAMED --add-opens=java.base/java.net=ALL-UNNAMED --add-opens=java.base/java.util.concurrent.atomic=ALL-UNNAMED -Xmx4096m -Dfile.encoding=UTF-8 -Duser.country=RU -Duser.language=ru -Duser.variant -javaagent:C:\Users\dia_t\.gradle\wrapper\dists\gradle-8.6-bin\afr5mpiioh2wthjmwnkmdsd5w\gradle-8.6\lib\agents\gradle-instrumentation-agent-8.6.jar 
java_command: org.gradle.launcher.daemon.bootstrap.GradleDaemon 8.6
java_class_path (initial): C:\Users\dia_t\.gradle\wrapper\dists\gradle-8.6-bin\afr5mpiioh2wthjmwnkmdsd5w\gradle-8.6\lib\gradle-launcher-8.6.jar
Launcher Type: SUN_STANDARD

[Global flags]
     intx CICompilerCount                          = 4                                         {product} {ergonomic}
     uint ConcGCThreads                            = 3                                         {product} {ergonomic}
     uint G1ConcRefinementThreads                  = 10                                        {product} {ergonomic}
   size_t G1HeapRegionSize                         = 2097152                                   {product} {ergonomic}
    uintx GCDrainStackTargetSize                   = 64                                        {product} {ergonomic}
   size_t InitialHeapSize                          = 232783872                                 {product} {ergonomic}
   size_t MarkStackSize                            = 4194304                                   {product} {ergonomic}
   size_t MaxHeapSize                              = 4294967296                                {product} {command line}
   size_t MaxNewSize                               = 2575302656                                {product} {ergonomic}
   size_t MinHeapDeltaBytes                        = 2097152                                   {product} {ergonomic}
   size_t MinHeapSize                              = 8388608                                   {product} {ergonomic}
    uintx NonNMethodCodeHeapSize                   = 5839372                                {pd product} {ergonomic}
    uintx NonProfiledCodeHeapSize                  = 122909434                              {pd product} {ergonomic}
    uintx ProfiledCodeHeapSize                     = 122909434                              {pd product} {ergonomic}
    uintx ReservedCodeCacheSize                    = 251658240                              {pd product} {ergonomic}
     bool SegmentedCodeCache                       = true                                      {product} {ergonomic}
   size_t SoftMaxHeapSize                          = 4294967296                             {manageable} {ergonomic}
     bool UseCompressedClassPointers               = true                           {product lp64_product} {ergonomic}
     bool UseCompressedOops                        = true                           {product lp64_product} {ergonomic}
     bool UseG1GC                                  = true                                      {product} {ergonomic}
     bool UseLargePagesIndividualAllocation        = false                                  {pd product} {ergonomic}

Logging:
Log output configuration:
 #0: stdout all=warning uptime,level,tags
 #1: stderr all=off uptime,level,tags

Environment Variables:
PATH=C:\WINDOWS\system32;C:\WINDOWS;C:\WINDOWS\System32\Wbem;C:\WINDOWS\System32\WindowsPowerShell\v1.0\;C:\WINDOWS\System32\OpenSSH\;C:\Program Files\Git\cmd;C:\Users\dia_t\AppData\Local\Microsoft\WindowsApps;C:\Users\dia_t\AppData\Local\Microsoft\WinGet\Packages\Gyan.FFmpeg_Microsoft.Winget.Source_8wekyb3d8bbwe\ffmpeg-8.1-full_build\bin;
USERNAME=Dia
OS=Windows_NT
PROCESSOR_IDENTIFIER=AMD64 Family 25 Model 116 Stepping 1, AuthenticAMD
TMP=C:\Users\dia_t\AppData\Local\Temp
TEMP=C:\Users\dia_t\AppData\Local\Temp



Periodic native trim disabled


---------------  S Y S T E M  ---------------

OS:
 Windows 11 , 64 bit Build 26100 (10.0.26100.7309)
OS uptime: 19 days 2:30 hours
Hyper-V role detected

CPU: total 12 (initial active 12) (12 cores per cpu, 2 threads per core) family 25 model 116 stepping 1 microcode 0xa70410a, cx8, cmov, fxsr, ht, mmx, 3dnowpref, sse, sse2, sse3, ssse3, sse4a, sse4.1, sse4.2, popcnt, lzcnt, tsc, tscinvbit, avx, avx2, aes, erms, clmul, bmi1, bmi2, adx, avx512f, avx512dq, avx512cd, avx512bw, avx512vl, sha, fma, vzeroupper, avx512_vpopcntdq, avx512_vpclmulqdq, avx512_vaes, avx512_vnni, clflush, clflushopt, avx512_vbmi2, avx512_vbmi, hv
Processor Information for processor 0
  Max Mhz: 4301, Current Mhz: 4301, Mhz Limit: 4301
Processor Information for processor 1
  Max Mhz: 4301, Current Mhz: 4301, Mhz Limit: 4301
Processor Information for processor 2
  Max Mhz: 4301, Current Mhz: 2483, Mhz Limit: 4301
Processor Information for processor 3
  Max Mhz: 4301, Current Mhz: 4301, Mhz Limit: 4301
Processor Information for processor 4
  Max Mhz: 4301, Current Mhz: 4301, Mhz Limit: 4301
Processor Information for processor 5
  Max Mhz: 4301, Current Mhz: 4301, Mhz Limit: 4301
Processor Information for processor 6
  Max Mhz: 4301, Current Mhz: 2483, Mhz Limit: 4301
Processor Information for processor 7
  Max Mhz: 4301, Current Mhz: 4301, Mhz Limit: 4301
Processor Information for processor 8
  Max Mhz: 4301, Current Mhz: 4301, Mhz Limit: 4301
Processor Information for processor 9
  Max Mhz: 4301, Current Mhz: 4301, Mhz Limit: 4301
Processor Information for processor 10
  Max Mhz: 4301, Current Mhz: 4301, Mhz Limit: 4301
Processor Information for processor 11
  Max Mhz: 4301, Current Mhz: 4301, Mhz Limit: 4301

Memory: 4k page, system-wide physical 14140M (1759M free)
TotalPageFile size 21308M (AvailPageFile size 1347M)
current process WorkingSet (physical memory assigned to process): 2368M, peak: 2373M
current process commit charge ("private bytes"): 2485M, peak: 2504M

vm_info: OpenJDK 64-Bit Server VM (17.0.17+10-LTS) for windows-amd64 JRE (17.0.17+10-LTS), built on Oct 13 2025 22:19:56 by "MicrosoftCorporation" with unknown MS VC++:1944

END.
